DAM_ID,DAM_Type,DAM_Group,DAM_Name,DAM_Lat,DAM_Lon,DAM_URL,DAM_QMax,DAM_QStore,DAM_QUsage,DAM_ULevelMax,DAM_ULevelMin,DAM_DLevelMax,DAM_DLevelMin,DAM_CreateDate,DAM_CreateBy,DAM_UpdateDate,DAM_UpdateBy,DAM_ShowReport,provincecode,ampurcode,tamboncode,basinid
,1=?,,,,,,,,,,,,,,,,,,,,,Basin
,2=?,,> DAMRegion,,,,Unit =?,Unit =?,Unit =?,,,,,,,,,,,,,
100104,1,เหนือ,เขื่อนแม่กวงอุดมธารา,18.92348,99.12198,,295,263,249,,,,,,,10/8/2017,1,1,50000000,50140000,50140600,6
100105,1,เหนือ,เขื่อนกิ่วลม,18.5239,99.6239,,106.22,106.22,102.67,,,,,,,10/8/2017,1,1,52000000,52010000,52010900,7
100106,1,เหนือ,เขื่อนกิ่วคอหมา,18.8,99.64,,208.6,170,163.8,,,,,,,8/8/2017,1,1,52000000,52060000,52060300,7
100107,1,เหนือ,เขื่อนแควน้อยบํารุงแดน,17.023,100.327,,1080,939,896,,,,,,,8/8/2017,1,1,65000000,65070000,65070100,9
100108,1,เหนือ,เขื่อนแม่มอก,17.208187,99.423615,,110,110,94.1,,,,,11/11/2017,1,,,1,64000000,64020000,64020500,8
100201,1,ตะวันออกเฉียงเหนือ,เขื่อนห้วยหลวง,17.364,102.583,,135.57,135.57,128.98,,,,,,,8/9/2017,1,1,41000000,41020000,41020600,2
100202,1,ตะวันออกเฉียงเหนือ,เขื่อนน้ำอูน,17.3095,103.7428,,780,520,475,,,,,,,18/8/2017,1,1,47000000,47050000,47050300,2
100206,1,ตะวันออกเฉียงเหนือ,เขื่อนลำปาว,16.602594,103.441,,2450,1980,1880,,,,,,,9/8/2017,1,1,46000000,46010000,46012100,4
100207,1,ตะวันออกเฉียงเหนือ,เขื่อนลำตะคอง,14.8652,101.5604,,445,314.49,291.79,,,,,,,10/8/2017,1,1,30000000,30200000,30201000,5
100208,1,ตะวันออกเฉียงเหนือ,เขื่อนลำพระเพลิง,14.5944,101.8401,,242,155,153.6,,,,,,,10/8/2017,1,1,30000000,30140000,30140500,5
100209,1,ตะวันออกเฉียงเหนือ,เขื่อนมูลบน,14.484,102.1474,,350,141,134,,,,,,,8/8/2017,1,1,30000000,30020000,30021000,5
100210,1,ตะวันออกเฉียงเหนือ,เขื่อนลำแซะ,14.4084,102.2836,,325,275,268,,,,,,,8/8/2017,1,1,30000000,30020000,30020400,5
100211,1,ตะวันออกเฉียงเหนือ,เขื่อนลำนางรอง,14.3012,102.764,,196.67,121.41,177.96,,,,,,,10/8/2017,1,1,31000000,31200000,31200100,5
100301,1,กลาง,เขื่อนป่าสักชลสิทธิ์,14.8613,101.06615,,960,960,957,,,,,,,8/8/2017,1,1,16000000,16020000,16020700,12
100302,1,กลาง,เขื่อนทับเสลา,15.54369,99.4482,,190,160,143,,,,,,,10/8/2017,1,1,61000000,61070000,61070400,11
100303,1,กลาง,เขื่อนกระเสียว,14.835957,99.6645,,390,299,259,,,,,,,8/8/2017,1,1,72000000,72030000,72030200,13
100501,1,ตะวันออก,เขื่อนขุนด่านปราการชล,14.312,101.319,,224.9,224,219.48,,,,,,,8/8/2017,1,1,26000000,26010000,26011100,16
100502,1,ตะวันออก,เขื่อนคลองสียัด,13.45,101.65,,450,420,390,,,,,,,8/8/2017,1,1,24000000,24100000,24100100,16
100503,1,ตะวันออก,เขื่อนบางพระ,13.2148,100.9632,,127,117,104.94,,,,,,,8/8/2017,1,1,20000000,20070000,20070700,18
100504,1,ตะวันออก,เขื่อนหนองปลาไหล,12.969,101.251,,205.85,163.75,150.25,,,,,,,8/8/2017,1,1,21000000,21060000,21060100,18
100505,1,ตะวันออก,เขื่อนประแสร์,13.028,101.57,,322,295,275,,,,,,,10/8/2017,1,1,21000000,21040000,21040200,18
100514,1,ตะวันออก,เขื่อนนฤบดินทร์จินดา,14.0446,102.0149,,338,295,275.5,,0,,,,,10/8/2017,1,1,25000000,25030000,25030500,15
100602,1,ใต้,เขื่อนปราณบุรี,12.462558,99.79311,,490,391,373.41,,,,,,,10/8/2017,1,1,77000000,77070000,77070400,20
200101,2,เหนือ,เขื่อนภูมิพล,17.247,98.971,,13462,13462,9662,,,,,,,,,1,63000000,63030000,63030500,6
200102,2,เหนือ,เขื่อนสิริกิติ์,17.7656,100.5646,,10508,9510,6660,,,,,,,8/8/2017,1,1,53000000,53030000,53030300,9
200103,1,เหนือ,เขื่อนแม่งัดสมบูรณ์ชล,19.16138,99.04011,,322.89,264.7,252.51,,,,,,,8/8/2017,1,1,50000000,50060000,50060400,6
200203,2,ตะวันออกเฉียงเหนือ,เขื่อนน้ำพุง,16.977,103.9707,,200,165,157,,,,,,,10/8/2017,1,1,47000000,47180000,47180300,2
200204,2,ตะวันออกเฉียงเหนือ,เขื่อนจุฬาภรณ์,16.5356,101.6493,,181,164,127,,,,,,,10/8/2017,1,1,36000000,36130000,,4
200205,2,ตะวันออกเฉียงเหนือ,เขื่อนอุบลรัตน์,16.774,102.619,,4640,2431,1850,,,,,,,10/8/2017,1,1,40000000,40080000,40080300,4
200212,2,ตะวันออกเฉียงเหนือ,เขื่อนสิรินธร,15.207,105.428,,1966,1966,1134.62,,,,,,,10/8/2017,1,1,34000000,34250000,,5
200401,2,ตะวันตก,เขื่อนศรีนครินทร์,14.4091,99.1284,,18770,17745,7480,,,,,,,,,1,71000000,71040000,71040400,14
200402,2,ตะวันตก,เขื่อนวชิราลงกรณ์,14.7982,98.5929,,11000,8860,5848,,,,,,,,,1,71000000,71070000,71070100,14
200403,2,ตะวันตก,เขื่อนท่าทุ่งนา,14.233957,99.23643,,55.3,0,0,,,,,,,9/8/2017,1,0,71000000,71010000,71010900,14
200601,1,ใต้,เขื่อนแก่งกระจาน,12.93162,99.62814,,900,710,645,,,,,,,10/8/2017,1,1,76000000,76080000,76080100,19
200603,2,ใต้,เขื่อนรัชชประภา,8.9726,98.806,,6144,5638.84,4287.3,,,,,,,,,1,84000000,84090000,84090400,22
200604,2,ใต้,เขื่อนบางลาง,6.155,101.268,,1590,1454.36,1178.08,,,,,,,10/8/2017,1,1,95000000,95030000,,24
