ลำดับที่,สำนักงานชลประทาน,สถานี,ชื่อสถานี,Code,ลุ่มน้ำ,แม่น้ำ,อำเภอ,จังหวัด,"ระดับตลิ่ง
(เมตร)","ความจุฯ
ลบ.ม/วิ","ศูนย์เสาระดับ
ม.(ร.ท.ก.)"
1,สำนักงานชลประทานที่ 2,G.10,บ้านหนองผำ,,ลุ่มน้ำกก,น้ำแม่ลาว,แม่สรวย,เชียงราย,3.5,266.3,433.47
2,สำนักงานชลประทานที่ 2,G.11,บ้านดอนสลี,,ลุ่มน้ำกก,น้ำแม่ลาว,แม่สรวย,เชียงราย,,,
3,สำนักงานชลประทานที่ 1,G.12,บ้านใหม่ริมฝาง,,ลุ่มน้ำกก,น้ำฝาง,ฝาง,เชียงใหม่,,,
4,สำนักงานชลประทานที่ 1,G.13,สะพานบ้านแม่ข่า,,ลุ่มน้ำกก,น้ำฝาง,ฝาง,เชียงใหม่,,,
5,สำนักงานชลประทานที่ 1,G.14,สะพานบ้านคาย,,ลุ่มน้ำกก,น้ำฝาง,แม่อาย,เชียงใหม่,,,
6,สำนักงานชลประทานที่ 2,G.2A,บ้านกกโถ้ง,,ลุ่มน้ำกก,น้ำแม่กก,เมืองเชียงราย,เชียงราย,,,
7,สำนักงานชลประทานที่ 2,G.4,บ้านปางริมกรณ์,,ลุ่มน้ำกก,น้ำแม่กรณ์,เมืองเชียงราย,เชียงราย,,,
8,สำนักงานชลประทานที่ 2,G.8,บ้านต้นยาง,,ลุ่มน้ำกก,น้ำแม่ลาว,แม่ลาว,เชียงราย,4.0,186.5,405.1
9,สำนักงานชลประทานที่ 2,G.8A,บ้านร่องขุ่น,,ลุ่มน้ำกก,น้ำแม่ลาว,เมืองเชียงราย,เชียงราย,,,
10,สำนักงานชลประทานที่ 2,G.9,บ้านกระเหรี่ยงทุ่งพร้าว,,ลุ่มน้ำกก,น้ำแม่สรวย,แม่สรวย,เชียงราย,,,
11,สำนักงานชลประทานที่ 2,I.14,บ้านน้ำอิง,,ลุ่มน้ำอิง,น้ำอิง,ขุนตาล,เชียงราย,,,
12,สำนักงานชลประทานที่ 2,I.17,เจดีย์งาม,,ลุ่มน้ำอิง,น้ำอิง,เมืองพะเยา,พะเยา,,,
13,สำนักงานชลประทานที่ 2,I.1A,บ้านวัดศรีจอมเรือง,,ลุ่มน้ำอิง,อิง,เมืองพะเยา,พะเยา,,,
14,สำนักงานชลประทานที่ 2,I.6,บ้านน้ำแวน,,ลุ่มน้ำอิง,น้ำแวน,เชียงคำ,พะเยา,,,
15,สำนักงานชลประทานที่ 2,Kh.72,บ้านแม่คำหลักเจ็ด,,น้ำแม่คำ,น้ำแม่คำ,แม่จัน,เชียงราย,,,
16,สำนักงานชลประทานที่ 2,Kh.89,บ้านหัวสะพาน,,น้ำแม่คำ,น้ำแม่จัน,แม่จัน,เชียงราย,,,
17,สำนักงานชลประทานที่ 2,N.1,หน้าสำนักงานป่าไม้,,ลุ่มน้ำน่าน,แม่น้ำน่าน,เมือง,น่าน,7.0,1076.0,192.2
18,สำนักงานชลประทานที่ 2,N.13A,บ้านไผ่งาม,,ลุ่มน้ำน่าน,แม่น้ำน่าน,เวียงสา,น่าน,6.5,1710.0,177.4
19,สำนักงานชลประทานที่ 2,N.49,บ้านน้ำยาว,,ลุ่มน้ำน่าน,น้ำยาว,ปัว,น่าน,,,
20,สำนักงานชลประทานที่ 2,N.63,บ้านหัวเมือง,,ลุ่มน้ำน่าน,น้ำแหง,นาน้อย,น่าน,,,
21,สำนักงานชลประทานที่ 2,N.64,บ้านผาขวาง,,ลุ่มน้ำน่าน,แม่น้ำน่าน,เมืองน่าน,น่าน,9.5,957.0,210.9
22,สำนักงานชลประทานที่ 2,N.65,บ้านปางสา,,ลุ่มน้ำน่าน,ห้วยน้ำยาว,ท่าวังผา,น่าน,,,
23,สำนักงานชลประทานที่ 2,N.75,สะพานท่าลี่,,ลุ่มน้ำน่าน,น้ำว้า,เวียงสา,น่าน,,,
24,สำนักงานชลประทานที่ 2,N.86,บ้านหนองแดง,,ลุ่มน้ำน่าน,น้ำน่าน,เชียงกลาง,น่าน,,,
25,สำนักงานชลประทานที่ 2,N.87,บ้านภูแยง,,ลุ่มน้ำน่าน,น้ำมวบ,สันติสุข,น่าน,,,
26,สำนักงานชลประทานที่ 2,N.88,บ้านกลาง,,ลุ่มน้ำน่าน,น้ำสา,เวียงสา,น่าน,,,
27,สำนักงานชลประทานที่ 1,P.1,สะพานนวรัฐ,,ลุ่มน้ำปิง,แม่น้ำปิง,เมืองเชียงใหม่,เชียงใหม่,,,
28,สำนักงานชลประทานที่ 1,P.103,บ้านป่าข่อยใต้,,ลุ่มน้ำปิง,แม่น้ำปิง,เมือง,เชียงใหม่,3.7,405.0,300.5
29,สำนักงานชลประทานที่ 1,P.104,บ้านเกาะกลาง,,ลุ่มน้ำปิง,แม่น้ำปิง,สารภี,เชียงใหม่,,,
30,สำนักงานชลประทานที่ 1,P.105,บ้านสวนหลวง,,ลุ่มน้ำปิง,น้ำแม่ขนาด,แม่ทา,ลำพูน,,,
31,สำนักงานชลประทานที่ 1,P.14,แก่งออบหลวง,,ลุ่มน้ำปิง,น้ำแม่แจ่ม,ฮอด,เชียงใหม่,,,
32,สำนักงานชลประทานที่ 1,P.14A,น้ำแม่แจ่ม,,ลุ่มน้ำปิง,น้ำแม่แจ่ม,จอมทอง,เชียงใหม่,,,
33,สำนักงานชลประทานที่ 1,P.20,บ้านเชียงดาว,,ลุ่มน้ำปิง,แม่น้ำปิง,เชียงดาว,เชียงใหม่,2.5,215.0,379.9
34,สำนักงานชลประทานที่ 1,P.21,บ้านเหมืองผ่า,,ลุ่มน้ำปิง,น้ำแม่ริม,แม่ริม,เชียงใหม่,,,
35,สำนักงานชลประทานที่ 1,P.24A,สะพานประชาอุทิศ,,ลุ่มน้ำปิง,น้ำแม่กลาง,จอมทอง,เชียงใหม่,,,
36,สำนักงานชลประทานที่ 1,P.24D,บ้านหลวงใต้,,ลุ่มน้ำปิง,น้ำแม่กลาง,จอมทอง,เชียงใหม่,,,
37,สำนักงานชลประทานที่ 1,P.4A,บ้านแม่แตง,,ลุ่มน้ำปิง,น้ำแม่แตง,แม่แตง,เชียงใหม่,,,
38,สำนักงานชลประทานที่ 1,P.5,สะพานท่านาง,,ลุ่มน้ำปิง,น้ำแม่กวง,เมืองลำพูน,ลำพูน,5.0,131.5,288.5
39,สำนักงานชลประทานที่ 1,P.56A,บ้านสหกรณ์ร่มเกล้า,,ลุ่มน้ำปิง,น้ำแม่งัด,พร้าว,เชียงใหม่,,,
40,สำนักงานชลประทานที่ 1,P.64,บ้านหลวง,,ลุ่มน้ำปิง,น้ำแม่ตื่น,อมก๋อย,เชียงใหม่,,,
41,สำนักงานชลประทานที่ 1,P.65,บ้านม่วงป๊อก,,ลุ่มน้ำปิง,น้ำแม่แตง,เวียงแหง,เชียงใหม่,,,
42,สำนักงานชลประทานที่ 1,P.67,บ้านแม่แต,,ลุ่มน้ำปิง,แม่น้ำปิง,สันทราย,เชียงใหม่,3.8,538.0,315.93
43,สำนักงานชลประทานที่ 1,P.71A,บ้านกลาง,,ลุ่มน้ำปิง,น้ำแม่ขาน,สันป่าตอง,เชียงใหม่,,,
44,สำนักงานชลประทานที่ 1,P.73,บ้านสบสอย,,ลุ่มน้ำปิง,แม่น้ำปิง,จอมทอง,เชียงใหม่,,,
45,สำนักงานชลประทานที่ 1,P.73A,บ้านสบแปะ,,ลุ่มน้ำปิง,แม่น้ำปิง,จอมทอง,เชียงใหม่,,,
46,สำนักงานชลประทานที่ 1,P.75,บ้านช่อแล,,ลุ่มน้ำปิง,แม่น้ำปิง,แม่แตง,เชียงใหม่,3.0,120.0,337.6
47,สำนักงานชลประทานที่ 1,P.76,บ้านแม่อีไฮ,,ลุ่มน้ำปิง,น้ำแม่ลี้,ลี้,ลำพูน,5.4,247.8,363.62
48,สำนักงานชลประทานที่ 1,P.77,บ้านสบแม่สะป๊วด,,ลุ่มน้ำปิง,น้ำแม่ทา,แม่ทา,ลำพูน,3.8,90.22,364.38
49,สำนักงานชลประทานที่ 1,P.79,บ้านแม่หวาน,,ลุ่มน้ำปิง,น้ำแม่กวง,ดอยสะเก็ด,เชียงใหม่,,,
50,สำนักงานชลประทานที่ 1,P.80,บ้านโป่งดิน,,ลุ่มน้ำปิง,น้ำแม่ลาย,ดอยสะเก็ด,เชียงใหม่,,,
51,สำนักงานชลประทานที่ 1,P.81,บ้านโป่ง,,ลุ่มน้ำปิง,น้ำแม่กวง,สันกำแพง,เชียงใหม่,5.8,90.52,289.92
52,สำนักงานชลประทานที่ 1,P.82,บ้านสบวิน,,ลุ่มน้ำปิง,น้ำแม่วาง,แม่วาง,เชียงใหม่,3.8,141.0,400.2
53,สำนักงานชลประทานที่ 1,P.84,บ้านพันตน,,ลุ่มน้ำปิง,น้ำแม่วาง,แม่วาง,เชียงใหม่,4.0,91.0,400.2
54,สำนักงานชลประทานที่ 1,P.85,บ้านหล่ายแก้ว,,ลุ่มน้ำปิง,น้ำแม่ลี้,บ้านโฮ่ง,ลำพูน,3.5,309.1,290.37
55,สำนักงานชลประทานที่ 1,P.85A,บ้านหล่ายแก้ว,,ลุ่มน้ำปิง,น้ำแม่ลี้,บ้านโฮ่ง,ลำพูน,,,
56,สำนักงานชลประทานที่ 1,P.86,บ้านโฮ้ง,,ลุ่มน้ำปิง,น้ำแม่ออน,สันกำแพง,เชียงใหม่,,,
57,สำนักงานชลประทานที่ 1,P.87,บ้านป่าซาง,,ลุ่มน้ำปิง,น้ำแม่ทา,ป่าซาง,ลำพูน,4.1,89.85,288.95
58,สำนักงานชลประทานที่ 1,P.90,บ้านทับเดื่อ,,ลุ่มน้ำปิง,แม่น้ำปิง,แม่แตง,เชียงใหม่,,,
59,สำนักงานชลประทานที่ 1,P.91,บ้านสันปู่เลย,,ลุ่มน้ำปิง,น้ำแม่ขอด,พร้าว,เชียงใหม่,,,
60,สำนักงานชลประทานที่ 1,P.92,บ้านเมืองกึ๊ด,,ลุ่มน้ำปิง,น้ำแม่แตง,แม่แตง,เชียงใหม่,,,
61,สำนักงานชลประทานที่ 1,P.92A,บ้านห้วยป่าซาง,,ลุ่มน้ำปิง,น้ำแม่แตง,แม่แตง,เชียงใหม่,,,
62,สำนักงานชลประทานที่ 1,P.93,บ้านสลวงนอก,,ลุ่มน้ำปิง,น้ำแม่ริม,แม่ริม,เชียงใหม่,,,
63,สำนักงานชลประทานที่ 1,P.94,บ้านเจียง,,ลุ่มน้ำปิง,น้ำแม่แจ่ม,แม่แจ่ม,เชียงใหม่,,,
64,สำนักงานชลประทานที่ 1,Sw.5A,บ้านท่าโป่งแดง,,ลุ่มน้ำปาย,น้ำปาย,เมืองแม่ฮ่องสอน,แม่ฮ่องสอน,5.0,650.0,175.76
65,สำนักงานชลประทานที่ 2,W.10A,บ้านดอนมูล,,ลุ่มน้ำวัง,แม่น้ำวัง,เมืองลำปาง,ลำปาง,6.6,578.0,259.0
66,สำนักงานชลประทานที่ 2,W.10B,บ้านดอนมูล,,ลุ่มน้ำวัง,แม่น้ำวัง,เมืองลำปาง,ลำปาง,,,
67,สำนักงานชลประทานที่ 2,W.16A,บ้านไฮ,,ลุ่มน้ำวัง,แม่น้ำวัง,แจ้ห่ม,ลำปาง,,,
68,สำนักงานชลประทานที่ 2,W.17,บ้านหนองนาว,,ลุ่มน้ำวัง,น้ำแม่สอย,แจ้ห่ม,ลำปาง,,,
69,สำนักงานชลประทานที่ 2,W.17A,บ้านทุ่งทอง,,ลุ่มน้ำวัง,น้ำแม่สอย,แจ้ห่ม,ลำปาง,,,
70,สำนักงานชลประทานที่ 2,W.18A,บ้านสบต่ำ,,ลุ่มน้ำวัง,น้ำแม่ต่ำ,เกาะคา,ลำปาง,,,
71,สำนักงานชลประทานที่ 2,W.1C,สะพานเสตุวารี,,ลุ่มน้ำวัง,แม่น้ำวัง,เมืองลำปาง,ลำปาง,5.2,412.5,229.3
72,สำนักงานชลประทานที่ 2,W.20,บ้านท่าล้อ,,ลุ่มน้ำวัง,น้ำแม่ตุ๋ย,เมืองลำปาง,ลำปาง,,,
73,สำนักงานชลประทานที่ 2,W.21,บ้านท่าเดื่อ,,ลุ่มน้ำวัง,แม่น้ำวัง,เมืองลำปาง,ลำปาง,,,
74,สำนักงานชลประทานที่ 2,W.22,บ้านวังพร้าว,,ลุ่มน้ำวัง,น้ำแม่จาง,เกาะคา,ลำปาง,,,
75,สำนักงานชลประทานที่ 2,W.25,บ้านร่องเคาะ,,ลุ่มน้ำวัง,แม่น้ำวัง,วังเหนือ,ลำปาง,,,
76,สำนักงานชลประทานที่ 2,W.26,บ้านเมืองมาย,,ลุ่มน้ำวัง,ห้วยแม่ต๋า,แจ้ห่ม,ลำปาง,,,
77,สำนักงานชลประทานที่ 2,W.3A,บ้านดอนชัย,,ลุ่มน้ำวัง,แม่น้ำวัง,เถิน,ลำปาง,4.8,897.0,161.0
78,สำนักงานชลประทานที่ 2,W.5A,บ้านเกาะคา,,ลุ่มน้ำวัง,แม่น้ำวัง,เกาะคา,ลำปาง,,,
79,สำนักงานชลประทานที่ 2,W.6A,บ้านสบปราบ,,ลุ่มน้ำวัง,แม่น้ำวัง,สบปราบ,ลำปาง,,,
80,สำนักงานชลประทานที่ 2,Y.13A,บ้านหลวงเหนือ,,ลุ่มน้ำยม,น้ำงาว,งาว,ลำปาง,,,
81,สำนักงานชลประทานที่ 4,Y.1C,บ้านน้ำโค้ง,,ลุ่มน้ำยม,แม่น้ำยม,เมืองแพร่,แพร่,8.2,992.0,143.5
82,สำนักงานชลประทานที่ 4,Y.20,บ้านห้วยสัก,,ลุ่มน้ำยม,แม่น้ำยม,สอง,แพร่,8.1,710.5,181.0
83,สำนักงานชลประทานที่ 2,Y.24,บ้านมาง,,ลุ่มน้ำยม,น้ำปี้,เชียงม่วน,พะเยา,,,
84,สำนักงานชลประทานที่ 2,Y.30,บ้านโป่ง,,ลุ่มน้ำยม,ห้วยโป่ง,งาว,ลำปาง,,,
85,สำนักงานชลประทานที่ 4,Y.31,บ้านทุ่งหนอง,,ลุ่มน้ำยม,แม่น้ำยม,เชียงม่วน,พะเยา,,,
86,สำนักงานชลประทานที่ 4,Y.34,บ้านแม่หล่าย,,ลุ่มน้ำยม,น้ำแม่หล่าย,เมืองแพร่,แพร่,,,
87,สำนักงานชลประทานที่ 2,Y.36,บ้านป่าคา,,ลุ่มน้ำยม,น้ำควร,ปง,พะเยา,,,
88,สำนักงานชลประทานที่ 4,Y.37,บ้านวังชิ้น,,ลุ่มน้ำยม,แม่น้ำยม,วังชิ้น,แพร่,11.0,1330.4,92.28
89,สำนักงานชลประทานที่ 4,Y.37A,บ้านวังชิ้น,,ลุ่มน้ำยม,แม่น้ำยม,วังชิ้น,แพร่,,,
90,สำนักงานชลประทานที่ 4,Y.38,บ้านแม่คำมีตำหนักธรรม,,ลุ่มน้ำยม,น้ำแม่คำมี,หนองม่วงไข่,แพร่,,,
91,สำนักงานชลประทานที่ 2,Y.65,บ้านพี้ใต้,,ลุ่มน้ำยม,น้ำปี้,บ้านหลวง,น่าน,,,
92,สำนักงานชลประทานที่ 4,Y.66,บ้านวังดิน,,ลุ่มน้ำยม,แม่น้ำยม,สอง,แพร่,,,
93,สำนักงานชลประทานที่ 4,Y.67,บ้านหนุนใต้,,ลุ่มน้ำยม,แม่น้ำยม,สอง,แพร่,,,
94,สำนักงานชลประทานที่ 3,N.2B,ในเมือง,,ลุ่มน้ำน่าน,แม่น้ำน่าน,เมืองอุตรดิตถ์,อุตรดิตถ์,7.0,1910.0,
95,สำนักงานชลประทานที่ 3,N.5A,ในเมือง,,ลุ่มน้ำน่าน,แม่น้ำน่าน,เมืองพิษณุโลก,พิษณุโลก,10.37,1365.0,
96,สำนักงานชลประทานที่ 3,N.7A,บ้านราชช้างขวัญ,,ลุ่มน้ำน่าน,แม่น้ำน่าน,เมืองพิจิตร,พิจิตร,9.87,997.0,
97,สำนักงานชลประทานที่ 3,N.8,บ้านบางมูลนาก,,ลุ่มน้ำน่าน,แม่น้ำน่าน,บางมูลนาก,พิจิตร,15.45,1228.0,
98,สำนักงานชลประทานที่ 3,N.12A,บ้านหาดไผ่,,ลุ่มน้ำน่าน,แม่น้ำน่าน,ท่าปลา,อุตรดิตถ์,12.46,3000.0,
99,สำนักงานชลประทานที่ 3,N.22A,บ้านท่างาม,,ลุ่มน้ำน่าน,แม่น้ำแควน้อย,วัดโบสถ์,พิษณุโลก,,,
100,สำนักงานชลประทานที่ 3,N.24A,บ้านวังทอง,,ลุ่มน้ำน่าน,น้ำเข็ก,วังทอง,พิษณุโลก,,,
101,สำนักงานชลประทานที่ 3,N.27A,ท้ายเขื่อนเรศวร,,ลุ่มน้ำน่าน,แม่น้ำน่าน,พรหมพิราม,พิษณุโลก,9.8,1067.0,
102,สำนักงานชลประทานที่ 3,N.28A,บ้านนากล่ำ,,ลุ่มน้ำน่าน,คลองตรอน,น้ำปาด,อุตรดิตถ์,,,
103,สำนักงานชลประทานที่ 3,N.36,บ้านหนองกระท้าว,,ลุ่มน้ำน่าน,แม่น้ำแควน้อย,นครไทย,พิษณุโลก,,,
104,สำนักงานชลประทานที่ 3,N.40,บ้านหนองบอน,,ลุ่มน้ำน่าน,แม่น้ำแควน้อย,วัดโบสถ์,พิษณุโลก,,,
105,สำนักงานชลประทานที่ 3,N.43A,บ้านชมพู,,ลุ่มน้ำน่าน,ห้วยชมพู,เนินมะปราง,พิษณุโลก,,,
106,สำนักงานชลประทานที่ 10,N.54,บ้านวังโป่ง,,ลุ่มน้ำน่าน,คลองวังโป่ง,วังโป่ง,เพชรบูรณ์,,,
107,สำนักงานชลประทานที่ 3,N.55,บ้านท่าสะแก,,ลุ่มน้ำน่าน,น้ำภาค,ชาติตระการ,พิษณุโลก,,,
108,สำนักงานชลประทานที่ 3,N.58,บ้านกกม่วง,,ลุ่มน้ำน่าน,น้ำเฟื้อ,นครไทย,พิษณุโลก,,,
109,สำนักงานชลประทานที่ 3,N.59,บ้านนาโพธิ์นาจาน,,ลุ่มน้ำน่าน,น้ำคาน,นครไทย,พิษณุโลก,,,
110,สำนักงานชลประทานที่ 3,N.60,บ้านเด่นสำโรง,,ลุ่มน้ำน่าน,แม่น้ำน่าน,ตรอน,อุตรดิตถ์,8.0,1990.0,
111,สำนักงานชลประทานที่ 3,N.62,บ้านห้วยท่าเนื้อ,,ลุ่มน้ำน่าน,น้ำคลึง,ชาติตระการ,พิษณุโลก,,,
112,สำนักงานชลประทานที่ 3,N.66,บ้านเนินเพิ่ม,,ลุ่มน้ำน่าน,ห้วยออมสิงห์,นครไทย,พิษณุโลก,,,
113,สำนักงานชลประทานที่ 3,N.68,ท่าตะเคียน,,ลุ่มน้ำน่าน,แม่น้ำน่าน,เมืองพิษณุโลก,พิษณุโลก,,,
114,สำนักงานชลประทานที่ 3,N.69,บ้านนาทุ่งใหญ่,,ลุ่มน้ำน่าน,แม่น้ำแควน้อย,นครไทย,พิษณุโลก,,,
115,สำนักงานชลประทานที่ 3,N.70,บ้านโคกผักหวาน,,ลุ่มน้ำน่าน,ห้วยน้ำคับ,ชาติตระการ,พิษณุโลก,,,
116,สำนักงานชลประทานที่ 3,N.72,บ้านวังปรากฏ,,ลุ่มน้ำน่าน,คลองตรอน,ทองแสงขัน,อุตรดิตถ์,,,
117,สำนักงานชลประทานที่ 10,N.73,บ้านทานตะวัน,,ลุ่มน้ำน่าน,น้ำเข็ก,เขาค้อ,เพชรบูรณ์,,,
118,สำนักงานชลประทานที่ 3,N.74,บ้านบางกระทุ่ม,,ลุ่มน้ำน่าน,แม่น้ำน่าน,บางกระทุ่ม,พิษณุโลก,,,
119,สำนักงานชลประทานที่ 3,N.81,บ้านแก่งบัวคำ,,ลุ่มน้ำน่าน,แม่น้ำแควน้อย,ชาติตระการ,พิษณุโลก,,,
120,สำนักงานชลประทานที่ 3,N.82,บ้านแก่งทรายงาม,,ลุ่มน้ำน่าน,ห้วยน้ำรี,ท่าปลา,อุตรดิตถ์,,,
121,สำนักงานชลประทานที่ 3,N.83,บ้านกิ๋วเคียน,,ลุ่มน้ำน่าน,ห้วยน้ำรี,ท่าปลา,อุตรดิตถ์,,,
122,สำนักงานชลประทานที่ 3,N.84,น้ำปาด,,ลุ่มน้ำน่าน,น้ำปาด,น้ำปาด,อุตรดิตถ์,,,
123,สำนักงานชลประทานที่ 4,Y.3A,บ้านวังขอนไม้,,ลุ่มน้ำยม,แม่น้ำยม,สวรรคโลก,สุโขทัย,,,
124,สำนักงานชลประทานที่ 4,Y.4,ในเมือง,,ลุ่มน้ำยม,แม่น้ำยม,เมือง,สุโขทัย,8.15,510.0,
125,สำนักงานชลประทานที่ 3,Y.5,หน้าอำเภอโพทะเล,,ลุ่มน้ำยม,แม่น้ำยม,โพทะเล,พิจิตร,,,
126,สำนักงานชลประทานที่ 3,Y.6,บ้านแก่งหลวง,,ลุ่มน้ำยม,แม่น้ำยม,ศรีสัชนาลัย,สุโขทัย,,,
127,สำนักงานชลประทานที่ 3,Y.14A,บ้านแม่สำ,,ลุ่มน้ำยม,แม่น้ำยม,ศรีสัชนาลัย,สุโขทัย,11.3,1965.0,
128,สำนักงานชลประทานที่ 3,Y.15,บ้านกง,,ลุ่มน้ำยม,แม่น้ำยม,กงไกรลาศ,สุโขทัย,10.32,492.0,
129,สำนักงานชลประทานที่ 3,Y.16,บ้านบางระกำ,,ลุ่มน้ำยม,แม่น้ำยม,บางระกำ,พิษณุโลก,7.3,208.0,
130,สำนักงานชลประทานที่ 3,Y.17,สามง่าม,,ลุ่มน้ำยม,แม่น้ำยม,สามง่าม,พิจิตร,6.76,614.0,
131,สำนักงานชลประทานที่ 4,Y.21,บ้านนาปลากลั้ง,,ลุ่มน้ำยม,ห้วยแม่สิน,ศรีสัชนาลัย,สุโขทัย,,,
132,สำนักงานชลประทานที่ 2,Y.26,บ้านแม่พุ,,ลุ่มน้ำยม,ห้วยแม่มอก,เถิน,ลำปาง,,,
133,สำนักงานชลประทานที่ 4,Y.29,บ้านแม่ฮู้,,ลุ่มน้ำยม,ห้วยแม่ฮู้,ศรีสัชนาลัย,สุโขทัย,,,
134,สำนักงานชลประทานที่ 4,Y.33,บ้านคลองตาล,,ลุ่มน้ำยม,แม่น้ำยม,ศรีสำโรง,สุโขทัย,10.4,690.0,
135,สำนักงานชลประทานที่ 3,Y.40,หน้าวัดคงคาราม,,ลุ่มน้ำยม,แม่น้ำยม,โพทะเล,พิจิตร,,,
136,สำนักงานชลประทานที่ 3,Y.42,ท่าตะคล้อ,,ลุ่มน้ำยม,แม่น้ำยม,โพธิ์ประทับช้าง,พิจิตร,,,
137,สำนักงานชลประทานที่ 3,Y.64,บางระกำ,,ลุ่มน้ำยม,แม่น้ำยม,บางระกำ,พิษณุโลก,6.4,352.0,
138,สำนักงานชลประทานที่ 4,P.2A,บ้านท่าแค,,ลุ่มน้ำปิง,แม่น้ำปิง,เมือง,ตาก,5.78,2600.0,
139,สำนักงานชลประทานที่ 4,P.7A,ในเมือง,,ลุ่มน้ำปิง,แม่น้ำปิง,เมือง,กำแพงเพชร,5.34,3000.0,
140,สำนักงานชลประทานที่ 4,P.12C,บ้านย่านรี,,ลุ่มน้ำปิง,แม่น้ำปิง,สามเงา,ตาก,5.44,1660.0,
141,สำนักงานชลประทานที่ 4,P.15,หน้าวัดศรีภิรมย์,,ลุ่มน้ำปิง,แม่น้ำปิง,คลองขลุง,กำแพงเพชร,,,
142,สำนักงานชลประทานที่ 4,P.16,บ้านแสนตอ,,ลุ่มน้ำปิง,แม่น้ำปิง,ขาณุวรลักษณบุรี,กำแพงเพชร,6.67,2862.0,
143,สำนักงานชลประทานที่ 4,P.26A,บ้านใหม่,,ลุ่มน้ำปิง,คลองสวนหมาก,เมือง,กำแพงเพชร,,,
144,สำนักงานชลประทานที่ 4,P.50A,บ้านไทยทวี,,ลุ่มน้ำปิง,คลองวังเจ้า,โกสัมพีนคร,กำแพงเพชร,,,
145,สำนักงานชลประทานที่ 4,P.78,บ้านสามเรือน,,ลุ่มน้ำปิง,คลองขลุง,คลองขลุง,กำแพงเพชร,,,
146,สำนักงานชลประทานที่ 4,W.23,บ้านแม่เชียงราย,, ลุ่มน้ำวัง,แม่น้ำวัง,สามเงา,ตาก,6.3,475.0,
147,สำนักงานชลประทานที่ 4,W.4A,บ้านวังหมัน,, ลุ่มน้ำวัง,แม่น้ำวัง,สามเงา,ตาก,7.0,530.0,
148,สำนักงานชลประทานที่ 4,W.24,บ้านท่าไผ่,, ลุ่มน้ำวัง,แม่น้ำวัง,สามเงา,ตาก,8.5,463.0,
149,สำนักงานชลประทานที่ 10,S.3,บ้านตาลเดี่ยว,, ลุ่มน้ำป่าสัก,แม่น้ำป่าสัก,หล่มสัก,เพชรบูรณ์,8.3,85.0,
150,สำนักงานชลประทานที่ 10,S.10,บ้านหินฮาว,, ลุ่มน้ำป่าสัก,ห้วยน้ำพุง,หล่มเก่า,เพชรบูรณ์,,,
151,สำนักงานชลประทานที่ 10,S.17,บ้านฝายวังบน,, ลุ่มน้ำป่าสัก,ห้วยน้ำชุน,หล่มสัก,เพชรบูรณ์,,,
152,สำนักงานชลประทานที่ 10,S.33,บ้านท่าไฮหยอง,, ลุ่มน้ำป่าสัก,แม่น้ำป่าสัก,หล่มเก่า,เพชรบูรณ์,8.84,366.0,
153,สำนักงานชลประทานที่ 10,S.36,บ้านโนนทอง,, ลุ่มน้ำป่าสัก,แม่น้ำป่าสัก,หล่มสัก,เพชรบูรณ์,,,
154,สำนักงานชลประทานที่ 10,S.42,บ้านบ่อรัง,, ลุ่มน้ำป่าสัก,แม่น้ำป่าสัก,วิเชียรบุรี,เพชรบูรณ์,11.0,283.0,
155,สำนักงานชลประทานที่ 10,S.4B,ในเมือง,, ลุ่มน้ำป่าสัก,แม่น้ำป่าสัก,เมือง,เพชรบูรณ์,9.2,190.0,
156,สำนักงานชลประทานที่ 10,S.45,บ้านวังเตียน,, ลุ่มน้ำป่าสัก,ห้วยเล็ง,วิเชียรบุรี,เพชรบูรณ์,,,
157,สำนักงานชลประทานที่ 4,SW.6,บ้านแม่ละเมา,,ลุ่มน้ำสาละวิน,ห้วยแม่ละเมา,แม่สอด,ตาก,,,
158,สำนักงานชลประทานที่ 6,E.5,บ้านโนนเปลือย,,น้ำชี,แม่น้ำชี,บ้านเขว้า,ชัยภูมิ,,,
159,สำนักงานชลประทานที่ 6,E.6C,บ้านตาดโตน,,น้ำชี,ลำปะทาว,เมืองชัยภูมิ,ชัยภูมิ,,,
160,สำนักงานชลประทานที่ 6,E.9,-,,น้ำชี,แม่น้ำชี,ชนบท,ขอนแก่น,11.0,480.0,151.1
161,สำนักงานชลประทานที่ 6,E.18,บ้านท่าแสบง,,น้ำชี,แม่น้ำชี,กิ่ง อ.ทุ่งเขาหลวง,ร้อยเอ็ด,9.8,1050.0,122.2
162,สำนักงานชลประทานที่ 7,E.20A,บ้านฟ้าหยาด,,น้ำชี,แม่น้ำชี,มหาชนะชัย,ยโสธร,10.0,1100.0,112.0
163,สำนักงานชลประทานที่ 6,E.22B,บ้านท่าเม่า,,น้ำชี,ลำน้ำพอง,น้ำพอง,ขอนแก่น,,,
164,สำนักงานชลประทานที่ 6,E.23,บ้านค่าย,,น้ำชี,แม่น้ำชี,เมืองชัยภูมิ,ชัยภูมิ,9.0,290.0,176.2
165,สำนักงานชลประทานที่ 5,E.29A,บ้านผานกเค้า,,น้ำชี,ลำน้ำพอง,ภูกระดึง,เลย,,,
166,สำนักงานชลประทานที่ 6,E.32A,บ้านหนองอ้อ,,น้ำชี,แม่น้ำชี,บ้านเขว้า,ชัยภูมิ,,,
167,สำนักงานชลประทานที่ 6,E.54,บ้านกุดฉิมคุ้มใหญ่,,น้ำชี,ลำน้ำยัง,กุฉินารายณ์,กาฬสินธุ์,,,138.3
168,สำนักงานชลประทานที่ 6,E.57A,บ้านสมสนุก,,น้ำชี,น้ำยัง,เขาวง,กาฬสินธุ์,,,169.1
169,สำนักงานชลประทานที่ 5,E.64A,บ้านนาแก,,น้ำชี,ลำพะเนียง,นาวัง,หนองบัวลำภู,,,
170,สำนักงานชลประทานที่ 5,E.65,บ้านท่าไฮ,,น้ำชี,ลำปาว,ศรีธาตุ,อุดรธานี,,,
171,สำนักงานชลประทานที่ 6,E.66A,บ้านม่วงลาด,,น้ำชี,แม่น้ำชี,จังหาร,ร้อยเอ็ด,11.6,710.0,126.9
172,สำนักงานชลประทานที่ 6,E.67,บ้านท่างาม,,น้ำชี,ลำพันชาด,สามชัย,กาฬสินธุ์,,,
173,สำนักงานชลประทานที่ 5,E.68A,บ้านข้องโป้,,น้ำชี,ลำพะเนียง,เมืองหนองบัวลำภู,หนองบัวลำภู,,,
174,สำนักงานชลประทานที่ 6,E.70,บ้านกุดก่วง,,น้ำชี,ลำน้ำยัง,โพนทอง,ร้อยเอ็ด,,,131.1
175,สำนักงานชลประทานที่ 6,E.72,บ้านเจียง,,น้ำชี,ลำเจียง,ภักดีชุมพล,ชัยภูมิ,,,
176,สำนักงานชลประทานที่ 6,E.73A,บ้านวังตะกู,,น้ำชี,ลำเจา,ภักดีชุมพล,ชัยภูมิ,,,
177,สำนักงานชลประทานที่ 6,E.75,บ้านหนองม่วง,,น้ำชี,ลำปาว,เมืองกาฬสินธุ์,กาฬสินธุ์,,,
178,สำนักงานชลประทานที่ 6,E.76A,บ้านโพน,,น้ำชี,ห้วยสังกะ,คำม่วง,กาฬสินธุ์,,,
179,สำนักงานชลประทานที่ 6,E.83,บ้านนาเจริญ,,น้ำชี,ลำสะพุง,หนองบัวแดง,ชัยภูมิ,,,
180,สำนักงานชลประทานที่ 5,E.79A,บ้านอีเลิศ,,น้ำชี,ลำพองโก,ภูกระดึง,เลย,,,
181,สำนักงานชลประทานที่ 6,E.84,บ้านนางแดดโคก,,น้ำชี,แม่น้ำชี,หนองบัวแดง,ชัยภูมิ,,,
182,สำนักงานชลประทานที่ 6,E.85,บ้านโนนหัน,,น้ำชี,น้ำเชิญ,ชุมแพ,ขอนแก่น,,,
183,สำนักงานชลประทานที่ 6,E.87,บ้านวังหิน,,น้ำชี,ลำปาว,กมลาไสย,กาฬสินธุ์,,,
184,สำนักงานชลประทานที่ 6,E.88,บ้านดงสวรรค์,,น้ำชี,ห้วยมูล,ท่าคันโท,กาฬสินธุ์,,,
185,สำนักงานชลประทานที่ 6,E.89,บ้านหนองริวหนัง,,น้ำชี,ห้วยลำหนองแสง,หนองกรุงศรี,กาฬสินธุ์,,,
186,สำนักงานชลประทานที่ 6,E.90,บ้านเนินยางใต้,,น้ำชี,ห้วยสังเคียบ,คำม่วง,กาฬสินธุ์,,,
187,สำนักงานชลประทานที่ 6,E.91,บ้านหนองขนวน,,น้ำชี,แม่น้ำชี,โกสุมพิสัย,มหาสารคาม,11.7,820.0,138.0
188,สำนักงานชลประทานที่ 6,E.92,บ้านท่างาม,,น้ำชี,น้ำยัง,เสลภูมิ,ร้อยเอ็ด,8.8,180.0,124.5
189,สำนักงานชลประทานที่ 6,E.93,บ้านยาง,,น้ำชี,น้ำพรม,เกษตรสมบูรณ์,ชัยภูมิ,,,
190,สำนักงานชลประทานที่ 7,E.97,บ้านดอนขยอม,,น้ำชี,แม่น้ำชี,คำเขื่อนแก้ว,ยโสธร,,,
191,สำนักงานชลประทานที่ 5,KH.9A,บ้านหนองศาลา,,โขง,น้ำก่ำ,โพนนาแก้ว,สกลนคร,,,
192,สำนักงานชลประทานที่ 5,KH.18,บ้านนาอ่าง,,โขง,ห้วยโมง,บ้านผือ,อุดรธานี,,,
193,สำนักงานชลประทานที่ 5,KH.28A,สะพานบ้านนาหลัก,,โขง,แม่น้ำเลย,วังสะพุง,เลย,10.0,610.0,239.6
194,สำนักงานชลประทานที่ 5,KH.53,บ้านหนองวัวซอ,,โขง,ห้วยหลวง,หนองวัวซอ,อุดรธานี,,,
195,สำนักงานชลประทานที่ 5,KH.54,บ้านนาหว้า,,โขง,น้ำอูน,นาหว้า,นครพนม,,,
196,สำนักงานชลประทานที่ 5,KH.58A,บ้านฟากเลย,,โขง,แม่น้ำเลย,เมืองเลย,เลย,9.0,530.0,229.0
197,สำนักงานชลประทานที่ 5,KH.61,บ้านแก่งบง,,โขง,แม่น้ำเลย,ภูหลวง,เลย,8.5,390.0,258.4
198,สำนักงานชลประทานที่ 5,KH.74,บ้านท่าห้วยหลัว,,โขง,น้ำสงคราม,บ้านม่วง,สกลนคร,,,
199,สำนักงานชลประทานที่ 5,KH.77A,บ้านกกซ้อ,,โขง,น้ำทบ,วังสะพุง,เลย,,,
200,สำนักงานชลประทานที่ 5,KH.78,บ้านน้ำฮวย,,โขง,ห้วยน้ำฮวย,เมืองเลย,เลย,,,
201,สำนักงานชลประทานที่ 5,KH.90,บ้านตองโขบ,,โขง,แม่น้ำพุง,โคกศรีสุพรรณ,สกลนคร,,,
202,สำนักงานชลประทานที่ 7,KH.91,บ้านดอนสวรรค์,,โขง,ห้วยชะโนด,ธาตุพนม,นครพนม,,,
203,สำนักงานชลประทานที่ 7,KH.92,บ้านก้านเหลืองดง,,โขง,ห้วยบางทราย,ดงหลวง,มุกดาหาร,,,
204,สำนักงานชลประทานที่ 5,KH.93,บ้านโคกคำไหล,,โขง,น้ำสงคราม,บ้านดุง,อุดรธานี,,,
205,สำนักงานชลประทานที่ 5,KH.95,บ้านแก่งไฮ,,โขง,น้ำสาน,ภูเรือ,เลย,,,
206,สำนักงานชลประทานที่ 5,KH.98,บ้านท่ากกแดง,,โขง,น้ำสงคราม,เซกา,บึงกาฬ,,,
207,สำนักงานชลประทานที่ 7,KH.99A,บ้านแก่งนาง,,โขง,ห้วยบางทราย,ดงหลวง,มุกดาหาร,,,
208,สำนักงานชลประทานที่ 7,KH.101,บ้านแก่นเต่า,,โขง,ห้วยมุก,เมืองมุกดาหาร,มุกดาหาร,,,
209,สำนักงานชลประทานที่ 5,KH.103,บ้านโนนตูม,,โขง,ห้วยหลวง,เมืองอุดรธานี,อุดรธานี,,,
210,สำนักงานชลประทานที่ 5,KH.105,บ้านผาน้อย,,โขง,น้ำป่วน,วังสะพุง,เลย,,,
211,สำนักงานชลประทานที่ 5,KH.108,บ้านพอกใหญ่,,โขง,น้ำอูน,พรรณานิคม,สกลนคร,,,
212,สำนักงานชลประทานที่ 5,KH.115,บ้านเหล่าสมบรูณ์,,โขง,น้ำสงคราม,บ้านม่วง,สกลนคร,,,
213,สำนักงานชลประทานที่ 6,M.2A,ด่านตะกา,,น้ำมูล,แม่น้ำมูล,เฉลิมพระเกียรติ,นครราชสีมา,6.7,200.0,161.0
214,สำนักงานชลประทานที่ 6,M.4,พงสวาย,,น้ำมูล,แม่น้ำมูล,ท่าตูม,สุรินทร์,8.2,1040.0,177.0
215,สำนักงานชลประทานที่ 6,M.5,เมืองคง,,น้ำมูล,แม่น้ำมูล,ราษีไศล,ศรีสะเกษ,10.75,1670.0,110.0
216,สำนักงานชลประทานที่ 6,M.6A,สตึก,,น้ำมูล,แม่น้ำมูล,สตึก,บุรีรัมย์,7.59,1170.0,123.0
217,สำนักงานชลประทานที่ 7,M.7,สะพานเสรีประชาธิปไตย,,น้ำมูล,แม่น้ำมูล,วารินชำราบ,อุบลราชธานี,7.0,2300.0,105.0
218,สำนักงานชลประทานที่ 6,M.9,ชุมชนสะพานขาว,,น้ำมูล,ห้วยสำราญ,เมืองศรีสะเกษ,ศรีสะเกษ,10.0,230.0,109.0
219,สำนักงานชลประทานที่ 7,M.11B,ตำบลพิบูล,,น้ำมูล,แม่น้ำมูล,พิบูลมังสาหาร,อุบลราชธานี,,,
220,สำนักงานชลประทานที่ 6,M.26A,ละลูน,,น้ำมูล,ลำชี,กระสัง,บุรีรัมย์,,,
221,สำนักงานชลประทานที่ 5,M.32,เชียงเพ็ง,,น้ำมูล,ลำเซบาย,ป่าติ้ว,ยโสธร,,,
222,สำนักงานชลประทานที่ 6,M.38C,คลองไผ่,,น้ำมูล,ลำตะคอง,สีคิ้ว,นครราชสีมา,,,
223,สำนักงานชลประทานที่ 6,M.42,ห้วยทับทัน,,น้ำมูล,ห้วยทับทัน,ห้วยทับทัน,ศรีสะเกษ,,,
224,สำนักงานชลประทานที่ 6,M.43A,ท่ามะปรางค์,,น้ำมูล,ลำตะคอง,ปากช่อง,นครราชสีมา,,,
225,สำนักงานชลประทานที่ 6,M.49,หนองโสน,,น้ำมูล,แม่น้ำมูล,ครบุรี,นครราชสีมา,,,
226,สำนักงานชลประทานที่ 6,M.50,ครบุรี,,น้ำมูล,ลำแซะ,ครบุรี,นครราชสีมา,,,
227,สำนักงานชลประทานที่ 6,M.66,วังชมภู,,น้ำมูล,ห้วยขะยุง,กันทรลักษ์,ศรีสะเกษ,,,
228,สำนักงานชลประทานที่ 5,M.69,ท่าบอแบง,,น้ำมูล,ลำเซบก,ตระการพืชผล,อุบลราชธานี,,,
229,สำนักงานชลประทานที่ 5,M.75,โนนยาง,,น้ำมูล,ห้วยกว้าง,พิบูลมังสาหาร,อุบลราชธานี,,,
230,สำนักงานชลประทานที่ 8,M.89,สะพานอาคารเซรุ่ม,,น้ำมูล,ลำตะคอง,ปากช่อง,นครราชสีมา,6.5,125.0,290.9
231,สำนักงานชลประทานที่ 8,M.91,โคกแดง,,น้ำมูล,ห้วยสำราญ,ภูสิงห์,ศรีสะเกษ,,,
232,สำนักงานชลประทานที่ 8,M.95A,กู่,,น้ำมูล,ลำเสียวใหญ่,สุวรรณภูมิ,ร้อยเอ็ด,,,
233,สำนักงานชลประทานที่ 8,M.98,พยุห์,,น้ำมูล,ห้วยทา,พยุห์,ศรีสะเกษ,,,
234,สำนักงานชลประทานที่ 8,M.104,วังปรัด,,น้ำมูล,แม่น้ำมูล,คู่เมือง,บุรีรัมย์,,,
235,สำนักงานชลประทานที่ 8,M.108,สระขุด,,น้ำมูล,ลำพังชู,ชุมพลบุรี,สุรินทร์,,,
236,สำนักงานชลประทานที่ 8,M.110,ดอนใหญ่ใต้,,น้ำมูล,ห้วยตุงลุง,ศรีเมืองใหม่,บุรีรัมย์,,,
237,สำนักงานชลประทานที่ 5,M.112,โคกใหญ่,,น้ำมูล,ห้วยตะโคง,สตึก,อุบลราชธานี,,,
238,สำนักงานชลประทานที่ 8,M.119,โคกสะแกราช,,น้ำมูล,ลำเชียงสา,ปักธงชัย,นครราชสีมา,,,
239,สำนักงานชลประทานที่ 8,M.124,โนน,,น้ำมูล,ห้วยตะกั่ว,ใหม่ไชยพจน์,บุรีรัมย์,,,
240,สำนักงานชลประทานที่ 8,M.125,ห้วยไฮ,,น้ำมูล,ห้วยแอก,ใหม่ไชยพจน์,บุรีรัมย์,,,
241,สำนักงานชลประทานที่ 5,M.127,นาไฮ,,น้ำมูล,ห้วยตาเทียว,ตระการพืชผล,อุบลราชธานี,,,
242,สำนักงานชลประทานที่ 5,M.132,โหมน,,น้ำมูล,ห้วยสะพือ,ตระการพืชผล,อุบลราชธานี,,,
243,สำนักงานชลประทานที่ 8,M.137,ระกา,,น้ำมูล,ห้วยเหนือ,ขุขันธ์,ศรีสะเกษ,,,
244,สำนักงานชลประทานที่ 8,M.142,โดนอาวร์,,น้ำมูล,ห้วยขยุง,กันทรลักษ์,ศรีสะเกษ,,,
245,สำนักงานชลประทานที่ 8,M.143,หนองใหญ่,,น้ำมูล,ห้วยสังกด,กันทรลักษ์,ศรีสะเกษ,,,
246,สำนักงานชลประทานที่ 8,M.145,วังตะเคียนทอง,,น้ำมูล,ลำพระเพลิง,ปากช่อง,นครราชสีมา,,,
247,สำนักงานชลประทานที่ 7,M.152,โพนทองน้อย,,น้ำมูล,ห้วยบอน,น้ำยืน,อุบลราชธานี,,,
248,สำนักงานชลประทานที่ 7,M.153,กุดเชียงหมุน,,น้ำมูล,ลำโดมใหญ่,น้ำยืน,อุบลราชธานี,,,
249,สำนักงานชลประทานที่ 7,M.154,นาจะหลวย,,น้ำมูล,ห้วยหลวง,นาจะหลวย,อุบลราชธานี,,,
250,สำนักงานชลประทานที่ 7,M.155,นาผือ,,น้ำมูล,ห้วยละโอง,เมืองอำนาจเจริญ,อำนาจเจริญ,,,
251,สำนักงานชลประทานที่ 7,M.156,นาผือ,,น้ำมูล,ห้วยบ้าน,เมืองอำนาจเจริญ,อำนาจเจริญ,,,
252,สำนักงานชลประทานที่ 7,M.157,นิคม,,น้ำมูล,ห้วยโพง,ป่าติ้ว,ยโสธร,,,
253,สำนักงานชลประทานที่ 8,M.159,หลุมดิน,,น้ำมูล,ลำชี,จอมพระ,สุรินทร์,,,
254,สำนักงานชลประทานที่ 7,M.160,โพนงาม,,น้ำมูล,ลำโดมน้อย,บุณฑริก,อุบลราชธานี,,,
255,สำนักงานชลประทานที่ 8,M.164,ตำบลในเมือง,,น้ำมูล,ลำตะคอง,เมือง,นครราชสีมา,3.5,35.0,174.1
256,สำนักงานชลประทานที่ 7,M.170,คำสำราญ,,น้ำมูล,ลำโดมใหญ่,เดชอุดม,อุบลราชธานี,,,
257,สำนักงานชลประทานที่ 8,M.171,โนนสาวเอ้,,น้ำมูล,ลำพระเพลิง,วังน้ำเขียว,นครราชสีมา,,,
258,สำนักงานชลประทานที่ 8,M.172,โนนสาวเอ้,,น้ำมูล,คลองไผ่,วังน้ำเขียว,นครราชสีมา,,,
259,สำนักงานชลประทานที่ 8,M.173,โนนสะอาด,,น้ำมูล,แม่น้ำมูล,โชคชัย,นครราชสีมา,7.6,290.0,174.8
260,สำนักงานชลประทานที่ 8,M.174,โนนสมบูรณ์,,น้ำมูล,ลำสะแทด,เมืองยาง,นครราชสีมา,,,
261,สำนักงานชลประทานที่ 6,M.175,หนองสาหร่าย,,น้ำมูล,ลำพลับพลา,สุวรรณภูมิ,ร้อยเอ็ด,,,
262,สำนักงานชลประทานที่ 8,M.176,โนนศรีไคล,,น้ำมูล,ห้วยขะยุง,กันทรารมย์,ศรีสะเกษ,,,
263,สำนักงานชลประทานที่ 8,M.177,โนนสว่าง,,น้ำมูล,ลำตะคอง,สีคิ้ว,นครราชสีมา,6.6,110.0,236.7
264,สำนักงานชลประทานที่ 7,M.178,หนองเต่า,,น้ำมูล,ห้วยขุหลุ,ตระการพืชผล,อุบลราชธานี,,,
265,สำนักงานชลประทานที่ 7,M.179A,ป่าก่อ,,น้ำมูล,ลำเซบาย,เขื่องใน,อุบลราชธานี,,,
266,สำนักงานชลประทานที่ 8,M.180,ท่าเยี่ยม,,น้ำมูล,ลำพระเพลิง,ปักธงชัย,นครราชสีมา,,,
267,สำนักงานชลประทานที่ 7,M.181,ท่าวังยาง,,น้ำมูล,แม่น้ำมูล,วารินชำราบ,อุบลราชธานี,,,
268,สำนักงานชลประทานที่ 8,M.182,สีถาน,,น้ำมูล,แม่น้ำมูล,กันทรารมย์,ศรีสะเกษ,,,
269,สำนักงานชลประทานที่ 8,M.183B,หินเพิง,,น้ำมูล,ห้วยหินลับ,ปากช่อง,นครราชสีมา,,,
270,สำนักงานชลประทานที่ 8,M.184,ซึม,,น้ำมูล,แม่น้ำมูล,พิมาย,นครราชสีมา,5.3,132.0,150.0
271,สำนักงานชลประทานที่ 8,M.185A,ไผ่น้อย,,น้ำมูล,ลำปลายมาศ,ลำปลายมาศ,บุรีรัมย์,,,
272,สำนักงานชลประทานที่ 8,M.186,โนนคอย,,น้ำมูล,ลำจักราช,จักราช,นครราชสีมา,,,
273,สำนักงานชลประทานที่ 8,M.187,ใกล้สถานีประมงน้ำจืด,,น้ำมูล,ห้วยเสนง,เมืองสุรินทร์,สุรินทร์,,,
274,สำนักงานชลประทานที่ 8,M.188A,บัว,,น้ำมูล,ลำเชียงไกร,โนนสูง,นครราชสีมา,,,
275,สำนักงานชลประทานที่ 8,M.190,ขวาว,,น้ำมูล,ห้วยสำราญ,อุทุมพรพิสัย,ศรีสะเกษ,7.6,220.0,119.7
276,สำนักงานชลประทานที่ 8,M.191,โคกกรวด,,น้ำมูล,ลำตะคอง,เมืองนครราชสีมา,นครราชสีมา,3.5,35.0,191.8
277,สำนักงานชลประทานที่ 8,M.192,โนนค่า,,น้ำมูล,ห้วยไผ่,ขามทะเลสอ,นครราชสีมา,,,
278,สำนักงานชลประทานที่ 8,M.193,บ้านกอก,,น้ำมูล,แม่น้ำมูล,กันทรารมย์,จ.ศรีสะเกษ,,,
279,สำนักงานชลประทานที่ 8,M.194,บ้านเมืองที,,น้ำมูล,แม่น้ำมูล,โนนสูง,นครราชสีมา,,,
280,สำนักงานชลประทานที่ 8,M.195,บ้านสำเร็จ,,น้ำมูล,แม่น้ำมูล,พิมาย,นครราชสีมา,,,
281,สำนักงานชลประทานที่ 8,M.196,บ้านอังกัญโพธิ์,,น้ำมูล,ห้วยเสนง,ปราสาท,สุรินทร์,,,
282,สำนักงานชลประทานที่ 8,M.197,บ้านสี่เหลี่ยม,,น้ำมูล,ห้วยโตง,ปราสาท,สุรินทร์,,,
283,สำนักงานชลประทานที่ 8,M.198,บ้านสุขสำราญ,,น้ำมูล,ลำปลายมาศ,ปะคำ,บุรีรัมย์,,,
284,สำนักงานชลประทานที่ 7,E.98,บ้านแดงหม้อ,,,แม่น้ำชี,เขื่องใน,อุบลราชธานี,,,
285,สำนักงานชลประทานที่ 12,T.11,บ้านผาทั่ง,,ท่าจีน,ห้วยกระเสียว,บ้านไร่,อุทัยธานี,,,
286,สำนักงานชลประทานที่ 3,P.17,บ้านท่างิ้ว,,น้ำปิง,แม่น้ำปิง,บรรพตพิสัย,นครสวรรค์,,,
287,สำนักงานชลประทานที่ 3,N.14A,วัดหลวงพ่อแก้ว,,น้ำน่าน,แม่น้ำน่าน,ชุมแสง,นครสวรรค์,,,
288,สำนักงานชลประทานที่ 3,N.37,บ้านทับกฤช,,น้ำน่าน,แม่น้ำน่าน,ชุมแสง,นครสวรรค์,,,
289,สำนักงานชลประทานที่ 3,N.67,วัดเกยไชยเหนือ,,น้ำน่าน,แม่น้ำน่าน,ชุมแสง,นครสวรรค์,,,
290,สำนักงานชลประทานที่ 3,N.76,บ้านหนองขอน,,น้ำน่าน,คลองห้วยชัน,ชุมแสง,นครสวรรค์,,,
291,สำนักงานชลประทานที่ 3,N.77,บ้านคลองคล้า,,น้ำน่าน,คลองท่ามะนาว,ชุมแสง,นครสวรรค์,,,
292,สำนักงานชลประทานที่ 3,N.78,บ้านหนองเต่าใต้,,น้ำน่าน,คลองบ้านบึง,เก้าเลี้ยว,นครสวรรค์,,,
293,สำนักงานชลประทานที่ 3,N.79,บ้านยางใหญ่,,น้ำน่าน,คลองห้วยรั้ว,เก้าเลี้ยว,นครสวรรค์,,,
294,สำนักงานชลประทานที่ 3,N.80,บ้านบางพระหลวง,,น้ำน่าน,คลองเกรียงไกร,ชุมแสง,นครสวรรค์,,,
295,สำนักงานชลประทานที่ 3,N.85,สะพานแควใหญ่พัฒนา,,น้ำน่าน,แม่น้ำน่าน,เมืองนครสวรรค์,นครสวรรค์,,,
296,สำนักงานชลประทานที่ 3,C.2,ค่ายจิรประวัติ,,เจ้าพระยา,แม่น้ำเจ้าพระยา,เมืองนครสวรรค์,นครสวรรค์,25.7,3600.0,0.0
297,สำนักงานชลประทานที่ 12,C.3,บ้านบางพุดทรา,,เจ้าพระยา,แม่น้ำเจ้าพระยา,เมืองสิงห์บุรี,สิงห์บุรี,13.4,3145.0,0.0
298,สำนักงานชลประทานที่ 12,C.7A,บ้านบางแก้ว,,เจ้าพระยา,แม่น้ำเจ้าพระยา,เมืองอ่างทอง,อ่างทอง,10.0,2875.0,0.0
299,,C.12,กรมชลประทานสามเสน,,เจ้าพระยา,แม่น้ำเจ้าพระยา,เขตดุสิต,กรุงเทพมหานคร,,,
300,สำนักงานชลประทานที่ 12,C.13,ท้ายเขื่อนเจ้าพระยา,,เจ้าพระยา,แม่น้ำเจ้าพระยา,สรรพยา,ชัยนาท,16.34,2730.0,0.0
301,สำนักงานชลประทานที่ 11,C.22A,กรมชลประทานปากเกร็ด,,เจ้าพระยา,แม่น้ำเจ้าพระยา,ปากเกร็ด,นนทบุรี,,,
302,สำนักงานชลประทานที่ 12,C.28A,บ้านอิฐ,,เจ้าพระยา,คลองบางแก้ว,เมืองอ่างทอง,อ่างทอง,,,
303,สำนักงานชลประทานที่ 10,C.29A,ศูนย์ศิลปาชีพบางไทร,,เจ้าพระยา,แม่น้ำเจ้าพระยา,บางไทร,พระนครศรีอยุธยา,,,
304,สำนักงานชลประทานที่ 10,C.35,บ้านป้อม,,เจ้าพระยา,แม่น้ำเจ้าพระยา,พระนครศรีอยุธยา,พระนครศรีอยุธยา,4.35,1178.0,0.0
305,สำนักงานชลประทานที่ 10,C.36,บ้านบางหลวงโดด,,เจ้าพระยา,คลองบางหลวง,บางบาล,พระนครศรีอยุธยา,,,
306,สำนักงานชลประทานที่ 10,C.37,บ้านบางบาล,,เจ้าพระยา,คลองบางบาล,บางบาล,พระนครศรีอยุธยา,,,
307,สำนักงานชลประทานที่ 11,C.38,โรงเรียนคณะราษฎร์บำรุง,,เจ้าพระยา,แม่น้ำเจ้าพระยา,เมืองปทุมธานี,ปทุมธานี,,,
308,สำนักงานชลประทานที่ 12,C.44,บ้านอินทร์บุรี,,เจ้าพระยา,แม่น้ำเจ้าพระยา,อินทร์บุรี,สิงห์บุรี,,,
309,สำนักงานชลประทานที่ 12,C.45,บ้านบางน้ำเชี่ยว,,เจ้าพระยา,แม่น้ำเจ้าพระยา,พรหมบุรี,สิงห์บุรี,,,
310,สำนักงานชลประทานที่ 12,C.46,บ้านไชโย,,เจ้าพระยา,แม่น้ำเจ้าพระยา,ไชโย,อ่างทอง,,,
311,สำนักงานชลประทานที่ 12,C.47,บ้านป่าโมก,,เจ้าพระยา,แม่น้ำเจ้าพระยา,ป่าโมก,อ่างทอง,,,
312,สำนักงานชลประทานที่ 3,C.56,บ้านท่าน้ำอ้อย,,เจ้าพระยา,แม่น้ำเจ้าพระยา,พยุหะคีร,นครสวรรค์,,,
313,สำนักงานชลประทานที่ 12,C.58,บ้านหนองบัว,,เจ้าพระยา,คลองกระทง,วัดสิงห์,ชัยนาท,,,
314,สำนักงานชลประทานที่ 3,C.60,บ้านท่าตะโก,,เจ้าพระยา,คลองท่าตะโก,ท่าตะโก,นครสวรรค์,,,
315,สำนักงานชลประทานที่ 3,C.64,ท่าข้ากำนันทรง,,เจ้าพระยา,บึงบอระเพ็ด,เมืองนครสวรรค์,นครสวรรค์,,,
316,สำนักงานชลประทานที่ 3,C.65,สะพานบางประมุง,,เจ้าพระยา,คลองบางประมุง,โกรกพระ,นครสวรรค์,,,
317,สำนักงานชลประทานที่ 12,C.66,สะพานโคกจันทร์,,เจ้าพระยา,แม่น้ำเจ้าพระยา,สรรพยา,ชัยนาท,,,
318,สำนักงานชลประทานที่ 10,C.67,หัวเวียง,,เจ้าพระยา,แม่น้ำน้อย,เสนา,พระนครศรีอยุธยา,,,
319,สำนักงานชลประทานที่ 10,C.68,เสนา,,เจ้าพระยา,แม่น้ำน้อย,เสนา,พระนครศรีอยุธยา,,,
320,สำนักงานชลประทานที่ 12,Ct.2A,บ้านหาดทนง,,สะแกกรัง,แม่น้ำสะแกกรัง,เมืองอุทัยธานี,อุทัยธานี,21.34,616.0,0.0
321,สำนักงานชลประทานที่ 3,Ct.4,บ้านศาลเจ้าไก่ต่อ,,สะแกกรัง,น้ำแม่วงก์,ลาดยาว,นครสวรรค์,71.0,168.0,0.0
322,สำนักงานชลประทานที่ 4,Ct.5A,บ้านปางมะค่า,,สะแกกรัง,น้ำแม่วงก์,ขาณุวรลักษบุรี,ก้าแพงเพชร,106.86,234.0,0.0
323,สำนักงานชลประทานที่ 3,Ct.7,บ้านใหม่คลองเจริญ,,สะแกกรัง,คลองโพธิ์,แม่เปิน,นครสวรรค์,,,
324,สำนักงานชลประทานที่ 12,Ct.8,บ้านโคกหม้อ,,สะแกกรัง,น้ำแม่วงก์,ทัพทัน,อุทัยธานี,33.5,280.0,0.0
325,สำนักงานชลประทานที่ 12,Ct.9,บ้านบุ่งอ้ายเจี้ยม,,สะแกกรัง,ห้วยทับเสลา,ลานสัก,อุทัยธานี,,,
326,สำนักงานชลประทานที่ 12,Ct.19,บ้านดอนใหญ่,,สะแกกรัง,ห้วยตากแดด,เมืองอุทัยธานี,อุทัยธานี,24.35,510.0,0.0
327,สำนักงานชลประทานที่ 12,Ct.20,บ้านสะพานเหล็ก,,สะแกกรัง,ห้วยทับเสลา,ลานสัก,อุทัยธานี,,,
328,สำนักงานชลประทานที่ 12,Ct.21,บ้านบึงโคกช้าง,,สะแกกรัง,ห้วยก้านยาว,สว่างอารมณ,อุทัยธานี,,,
329,สำนักงานชลประทานที่ 12,Ct.22,บ้านหมกแถว,,สะแกกรัง,ห้วยขวี,หนองขาหย่าง,อุทัยธานี,,,
330,สำนักงานชลประทานที่ 12,Ct.23,บ้านห้วยรัง,,สะแกกรัง,ห้วยรัง,ลานสัก,อุทัยธานี,,,
331,สำนักงานชลประทานที่ 12,Ct.24,บ้านจักษา,,สะแกกรัง,คลองระแวง,เมืองอุทัยธานี,อุทัยธานี,,,
332,สำนักงานชลประทานที่ 12,Ct.25,สะพานวังร่มเกล้า,,สะแกกรัง,แม่น้ำสะแกกรัง,ทัพทัน,อุทัยธานี,,,
333,สำนักงานชลประทานที่ 10,S.5,สะพานปรีดี-ธ้ารง,,ป่าสัก,แม่น้ำป่าสัก,พระนครศรีอยุธยา,พระนครศรีอยุธยา,4.7,1400.0,0.0
334,สำนักงานชลประทานที่ 10,S.7A,วัดท่าระหัด,,ป่าสัก,ลำมวกเหล็ก,พัฒนานิคม,สระบุรี,,,
335,สำนักงานชลประทานที่ 10,S.9,บ้านป่า,,ป่าสัก,แม่น้ำป่าสัก,แก่งคอย,สระบุรี,22.56,1740.0,0.0
336,สำนักงานชลประทานที่ 10,S.14,บ้านท่ารวก,,ป่าสัก,ล้าสนธิ,ชัยบาดาล,ลพบุรี,,,
337,สำนักงานชลประทานที่ 10,S.26,ท้ายเขื่อนพระรามหก,,ป่าสัก,แม่น้ำป่าสัก,ท่าเรือ,พระนครศรีอยุธยา,7.2,657.0,0.0
338,สำนักงานชลประทานที่ 10,S.28,ท้ายเขื่อนป่าสักชลสิทธิ์,,ป่าสัก,แม่น้ำป่าสัก,พัฒนานิคม,ลพบุรี,31.46,1195.0,0.0
339,สำนักงานชลประทานที่ 10,S.32,สถานีแพดับเพลิง,,ป่าสัก,แม่น้ำป่าสัก,เมืองสระบุรี,สระบุรี,12.8,973.0,0.0
340,สำนักงานชลประทานที่ 10,S.39,บ้านบัวชุม,,ป่าสัก,แม่น้ำป่าสัก,ชัยบาดาล,ลพบุรี,,,
341,สำนักงานชลประทานที่ 10,S.40,บ้านจงโก,,ป่าสัก,ลำสนธิ,ล้าสนธิ,ลพบุรี,,,
342,สำนักงานชลประทานที่ 10,S.43,บ้านพูลทรัพย์,,ป่าสัก,แม่น้ำป่าสัก,ชัยบาดาล,ลพบุรี,,,
343,สำนักงานชลประทานที่ 10,S.44,บ้านเสาไห้,,ป่าสัก,แม่น้ำป่าสัก,เสาไห้,สระบุรี,,,
344,สำนักงานชลประทานที่ 10,S.47,บ้านครัว,,ป่าสัก,คลองชัยนาท - ป่าสัก,ท่าลาน,สระบุรี,,,
345,สำนักงานชลประทานที่ 10,S.48,วัดท่าช้างใต้,,ป่าสัก,แม่น้ำป่าสัก,เสาไห้,สระบุรี,,,
346,สำนักงานชลประทานที่ 10,S.49,วัดหัวหิน,,ป่าสัก,แม่น้ำป่าสัก,ท่าเรือ,พระนครศรีอยุธยา,,,
347,สำนักงานชลประทานที่ 10,S.50,สะพานพรหมรังส,,ป่าสัก,แม่น้ำป่าสัก,ท่าเรือ,พระนครศรีอยุธยา,,,
348,สำนักงานชลประทานที่ 12,T.12A,บ้านทับหมัน,,ท่าจีน,ห้วยกระเสียว,ด่านช้าง,สุพรรณบุรี,,,
349,สำนักงานชลประทานที่ 12,C.51,บ้านกุดจอก,,ท่าจีน,ห้วยขุนแก้ว,หนองมะโมง,ชัยนาท,,,
350,สำนักงานชลประทานที่ 3,260311 (N.67),บ้านเกยไชยเหนือ,,น้ำน่าน,แม่น้ำน่าน,ชุมแสง,นครสวรรค์,,,
351,สำนักงานชลประทานที่ 12,040361 (C.13),เขื่อนเจ้าพระยา,,เจ้าพระยา,แม่น้ำเจ้าพระยา,สรรพยา,ชัยนาท,,,
352,สำนักงานชลประทานที่ 12,690251,,,สะแกกรัง,โครงการส่งน้ำฯทับเสลา,ลานสัก,อุทัยธานี,,,
353,สำนักงานชลประทานที่ 3,260451,บ้านเกาะใหญ่,,สะแกกรัง,บ้านเกาะใหญ่,แม่วงก์,นครสวรรค์,,,
354,สำนักงานชลประทานที่ 3,260461,บ้านธารมะยม,,สะแกกรัง,บ้านธารมะยม,แม่วงก์,นครสวรรค์,,,
355,สำนักงานชลประทานที่ 12,690371,ระบำ,,สะแกกรัง,ห้วยขาแข้ง,ลานสัก,อุทัยธานี,,,
356,สำนักงานชลประทานที่ 12,690151 (C.30),บ้านสมอทอง,,ท่าจีน,ห้วยขุนแก้ว,ห้วยคต,อุทัยธานี,,,
357,สำนักงานชลประทานที่ 12,040361 (C.30),เขื่อนเจ้าพระยา,,เจ้าพระยา,แม่น้ำเจ้าพระยา,สรรพยา,ชัยนาท,,,
358,สำนักงานชลประทานที่ 10,190620 (S.28),เขื่อนป่าสักชลสิทธิ์,,ป่าสัก,แม่น้ำป่าสัก,พัฒนานิคม,ลพบุรี,,,
359,สำนักงานชลประทานที่ 9,Kgt.18,บ้านท่ากลอย,,บางปะกง,คลองสียัด,ท่าตะเกียบ,ฉะเชิงเทรา,,,
360,สำนักงานชลประทานที่ 9,Kgt.44,บ้านแก่งไทร,,บางปะกง,คลองพระปรง,เมืองสระแก้ว,สระแก้ว,,,
361,สำนักงานชลประทานที่ 9,Kgt.45,บ้านตาเรืองล่าง,,บางปะกง,คลองพระสทึง,สอยดาว,จันทบุรี,,,
362,สำนักงานชลประทานที่ 9,Kgt.65,บ้านท่าพระจันทร,,บางปะกง,คลองพระปรง,วัฒนานคร,สระแก้ว,,,
363,สำนักงานชลประทานที่ 9,Kgt.66 ,บ้านแก่งดินสอ,,บางปะกง,คลองห้วยโสมง,นาดี,ปราจีนบุรี,,,
364,สำนักงานชลประทานที่ 9,Ny.4,น ้าตกเหวนรก,,บางปะกง,คลองท่าด่าน,ปากพลี,นครนายก,3.34,154.6,376.1
365,สำนักงานชลประทานที่ 9,Tl.4,บ้านคลองตาคง,,โตนเลสาป,คลองตาคง,โป่งน ้าร้อน,จันทบุรี,,,
366,สำนักงานชลประทานที่ 9,Tl.6,บ้านทุ่งกร่าง,,โตนเลสาป,คลองทุ่งกร่าง,โป่งน ้าร้อน,จันทบุรี,,,
367,สำนักงานชลประทานที่ 9,Z.18,บ้านช้าฆ้อ,,ชายฝั่งทะเลตะวันออก,คลองโพล้,เขาชะเมา,ระยอง,,,
368,สำนักงานชลประทานที่ 9,Z.46,บ้านนนทรีย์,,ชายฝั่งทะเลตะวันออก,คลองโสน,บ่อไร่,ตราด,,,
369,สำนักงานชลประทานที่ 9,Z.52,บ้านคลองยายไท,,ชายฝั่งทะเลตะวันออก,คลองพรานบุญ,แก่งหางแมว,จันทบุรี,,,
370,สำนักงานชลประทานที่ 9,Z.53,บ้านทุ่งตาอิน,,ชายฝั่งทะเลตะวันออก,แม่น้ำจันทบุรี,เขาคิชฌกูฏ,จันทบุรี,,,
371,สำนักงานชลประทานที่ 9,Z.55,บ้านวังจะอ้าย,,ชายฝั่งทะเลตะวันออก,แม่น้ำจันทบุรี,มะขาม,จันทบุรี,,,
372,สำนักงานชลประทานที่ 9,Z.56,บ้านตะบกเตี้ย,,ชายฝั่งทะเลตะวันออก,คลองทุ่งเพล,มะขาม,จันทบุรี,,,
373,สำนักงานชลประทานที่ 9,Kgt.1,สะพานณรงดำริ,,บางปะกง,แม่น้ำปราจีนบุรี,เมืองปราจีนบุรี,ปราจีนบุรี,4.13,698.0,0.0
374,สำนักงานชลประทานที่ 9,Kgt.3,สะพานต้นน้ำบางปะกง,,บางปะกง,แม่น้ำปราจีนบุรี,กบินทร์บุร,ปราจีนบุรี,8.79,483.2,0.0
375,สำนักงานชลประทานที่ 9,Kgt.6,บ้านทาม,,บางปะกง,แม่น้ำปราจีนบุรี,ศรีมหาโพธิ์,ปราจีนบุรี,6.61,0.0,0.0
376,สำนักงานชลประทานที่ 9,Kgt.9,บ้านเขาฉกรรจ์,,บางปะกง,คลองพระสทึง,เขาฉกรรจ์,สระแก้ว,,,
377,สำนักงานชลประทานที่ 9,Kgt.10,บ้านเนินผาสุก,,บางปะกง,คลองพระสทึง,เมืองสระแก้ว,สระแก้ว,,,
378,สำนักงานชลประทานที่ 9,Kgt.12A,บ้านแก้ง,,บางปะกง,คลองพระปรง,เมืองสระแก้ว,สระแก้ว,,,
379,สำนักงานชลประทานที่ 9,Kgt.13A,บ้านโนนสุขภูมิ,,บางปะกง,คลองพระปรง,กบินทร์บุร,ปราจีนบุรี,,,
380,สำนักงานชลประทานที่ 9,Kgt.14A,บ้านทุ่งแฝก,,บางปะกง,คลองยาง,นาดี,ปราจีนบุรี,,,
381,สำนักงานชลประทานที่ 9,Kgt.15B,บ้านแก่งดินสอ,,บางปะกง,คลองห้วยโสมง,นาดี,ปราจีนบุรี,,,
382,สำนักงานชลประทานที่ 9,Kgt.19A,บ้านท่าบุญมี,,บางปะกง,คลองหลวง,เกาะจันทร์,ชลบุรี,,,
383,สำนักงานชลประทานที่ 9,Kgt.30,สะพานหน้าสถานีดับเพลิงจังหวัด,,บางปะกง,แม่น้ำบางปะกง,เมืองฉะเชิงเทรา,ฉะเชิงเทรา,1.7,0.0,0.0
384,สำนักงานชลประทานที่ 9,Kgt.33,บ้านหนองแหน,,บางปะกง,แควน้ำใส,นาดี,ปราจีนบุรี,,,
385,สำนักงานชลประทานที่ 9,Kgt.34 ,บ้านชะอม,,บางปะกง,แควหนุมาน,นาดี,ปราจีนบุรี,,,
386,สำนักงานชลประทานที่ 9,Kgt.38,บ้านภูเงิน,,บางปะกง,คลองพระเพลิงใหญ่,เขาฉกรรจ์,สระแก้ว,,,
387,สำนักงานชลประทานที่ 9,Kgt.40,บ้านวังเจริญ,,บางปะกง,คลองพระสทึงตอนบน,วังสมบูรณ์,สระแก้ว,,,
388,สำนักงานชลประทานที่ 9,Kgt.42,บ้านท่าระพา,,บางปะกง,คลองพระสทึง,เมืองสระแก้ว,สระแก้ว,,,
389,สำนักงานชลประทานที่ 9,Kgt.43A,บ้านนาแขม,,บางปะกง,แควหนุมาน,กบินทร์บุร,ปราจีนบุรี,,,
390,สำนักงานชลประทานที่ 9,Kgt.47,บ้านด่านชัยพัฒนา,,บางปะกง,คลองพระสทึง,วังน้ำเย็น,สระแก้ว,,,
391,สำนักงานชลประทานที่ 9,Kgt.51,บ้านประจันตคาม,,บางปะกง,คลองประจันตคาม,ประจันตคาม,ปราจีนบุรี,,,
392,สำนักงานชลประทานที่ 9,Ny.1B,บ้านเขานางบวช,,บางปะกง,แม่น้ำนครนายก,เมืองนครนายก,นครนายก,8.81,226.6,0.0
393,สำนักงานชลประทานที่ 9,Ny.3,บ้านป่าขะ,,บางปะกง,คลองบ้านนา,บ้านนา,นครนายก,,,
394,สำนักงานชลประทานที่ 9,Ny.4,น้ำตกเหวนรก,,บางปะกง,คลองท่าด่าน,ปากพลี,นครนายก,,,
395,สำนักงานชลประทานที่ 10,Ny.6,บ้านชะอม,,บางปะกง,คลองบ้านนา,แก่งคอย,สระบุรี,,,
396,สำนักงานชลประทานที่ 9,Ny.7,สะพานหน้าจวนผู้ว่าฯ,,บางปะกง,แม่น้ำนครนายก,เมืองนครนายก,นครนายก,6.56,0.0,1.64
397,สำนักงานชลประทานที่ 9,Tl.3,บ้านพังงอน,,โตนเลสาป,คลองพระพุทธ,โป่งน้ำร้อน,จันทบุรี,,,
398,สำนักงานชลประทานที่ 9,Z.10,บ้านศรีบัวทอง,,ฝั่งทะเลตะวันออก,แม่น้ำเขาสมิง,เขาสมิง,ตราด,11.5,460.0,1.9
399,สำนักงานชลประทานที่ 9,Z.11,บ้านเขาวังไทร,,ฝั่งทะเลตะวันออก,คลองประแสร์,แกลง,ระยอง,,,
400,สำนักงานชลประทานที่ 9,Z.13,บ้านปึก,,ฝั่งทะเลตะวันออก,แม่น้ำจันทบุรี,มะขาม,จันทบุรี,6.02,220.4,6.3
401,สำนักงานชลประทานที่ 9,Z.14,บ้านฉมัน,,ฝั่งทะเลตะวันออก,คลองพยาธิ,มะขาม,จันทบุรี,,,
402,สำนักงานชลประทานที่ 9,Z.21,บ้านโป่งโรงเซ็น,,ฝั่งทะเลตะวันออก,คลองโป่ง,มะขาม,จันทบุรี,,,
403,สำนักงานชลประทานที่ 9,Z.28,บ้านขุนซ่อง,,ฝั่งทะเลตะวันออก,คลองโตนด,แก่งหางแมว,จันทบุรี,,,
404,สำนักงานชลประทานที่ 9,Z.30,บ้านหนองบัว,,ฝั่งทะเลตะวันออก,คลองสะตอ,เขาสมิง,ตราด,,,
405,สำนักงานชลประทานที่ 9,Z.38,บ้านเขาโบสถ,,ฝั่งทะเลตะวันออก,คลองทับมา,เมืองระยอง,ระยอง,,,
406,สำนักงานชลประทานที่ 9,Z.45,บ้านหนองบอน,,ฝั่งทะเลตะวันออก,คลองคอแล,บ่อไร,ตราด,,,
407,สำนักงานชลประทานที่ 9,Z.47A,บ้านคลองขวาง,,ฝั่งทะเลตะวันออก,คลองจันทิ,เมืองตราด,ตราด,,,
408,สำนักงานชลประทานที่ 9,Z.57,สะพานวัดจันทนาราม,,ฝั่งทะเลตะวันออก,แม่น้ำจันทบุรี,เมืองจันทบุรี,จันทบุรี,3.44,464.8,0.0
409,สำนักงานชลประทานที่ 9,Z.58,บ้านเขาสมิง,,ฝั่งทะเลตะวันออก,แม่น้ำเขาสมิง,เขาสมิง,ตราด,4.5,0.0,0.0
410,สำนักงานชลประทานที่ 9,Z.59,บ้านบ่อไร่,,ฝั่งทะเลตะวันออก,คลองบ่อไร่,บ่อไร,ตราด,,,
411,สำนักงานชลประทานที่ 9,Z.62,บ้านค่าย,,ฝั่งทะเลตะวันออก,คลองใหญ่,บ้านค่าย,ระยอง,,,
412,สำนักงานชลประทานที่ 9,Z.64,บ้านท่าหลวง,,ฝั่งทะเลตะวันออก,แม่น้ำจันทบุรี,มะขาม,จันทบุรี,,,
413,สำนักงานชลประทานที่ 9,Z.65,บ้านวังอีแอ่น,,ฝั่งทะเลตะวันออก,คลองประแกต,แก่งหางแมว,จันทบุรี,,,
414,สำนักงานชลประทานที่ 9,090160 (สชป.9),ต้าบลบางพระ,,บางปะกง,อ่างเก็บน้ำบางพระ,ศรีราชา,ชลบุรี,,,
415,สำนักงานชลประทานที่ 9,090171 (Kgt.19) ,บ้านเขานางนม,,บางปะกง,คลองหลวง,เกาะจันทร์,ชลบุรี,,,
416,สำนักงานชลประทานที่ 9,090381 เขาเขียว,บ้านเขาไม้แดง,,บางปะกง,น้ำตกชันตาเถร,ศรีราชา,ชลบุรี,,,
417,สำนักงานชลประทานที่ 9,440191 (Kgt.15A),บ้านแก่งดินสอ,,บางปะกง,ห้วยโสมง,นาดี,ปราจีนบุรี,,,
418,สำนักงานชลประทานที่ 9,440401,บ้านแก่งดินสอ,,บางปะกง,อ่างฯนฤบดินทรจินดาฝั่งซ้าย,นาดี,ปราจีนบุรี,,,
419,สำนักงานชลประทานที่ 9,440411,บ้านแก่งดินสอ,,บางปะกง,อ่างฯนฤบดินทรจินดาฝั่งขวา,นาดี,ปราจีนบุรี,,,
420,สำนักงานชลประทานที่ 9,740081 (Kgt.12),บ้านแก้ง,,บางปะกง,คลองพระปรง,เมืองสระแก้ว,สระแก้ว,,,
421,สำนักงานชลประทานที่ 9,740331,อบต.วังสมบูรณ์,,บางปะกง,-,วังสมบูรณ์,สระแก้ว,,,
422,สำนักงานชลประทานที่ 9,060191 (kgt.29),บ้านปะตง,,ชายฝั่งทะเลตะวันออก,อบต.ปะตง,สอยดาว,จันทบุรี,,,
423,สำนักงานชลประทานที่ 9,660131,บ้านหมื่นด่าน,,ชายฝั่งทะเลตะวันออก,กองร้อยทหารพราน,บ่อไร่,ตราด,,,
424,สำนักงานชลประทานที่ 13,K.10,บ้านลุ่มสุ่ม,,ลุ่มน้ำหลัก,แม่น้ำแควน้อย,ไทรโยค,กาญจนบุรี,10.3,1039.23,30.4
425,สำนักงานชลประทานที่ 13,K.11A,บ้านวังขนาย,,ลุ่มน้ำหลัก,แม่น้ำแม่กลอง,ท่าม่วง,กาญจนบุรี,6.2,1495.0,9.7
426,สำนักงานชลประทานที่ 13,K.12,บ้านทุ่งนานางหรอก,,ลุ่มน้ำหลัก,ลำตะเพิน,เมืองกาญจนบุรี,กาญจนบุรี,,,
427,สำนักงานชลประทานที่ 13,K.17,บ้านบ่อ,,ลุ่มน้ำหลัก,ลำภาชี,สวนผึ้ง,ราชบุรี,,,
428,สำนักงานชลประทานที่ 13,K.22C,บ้านแม่น้ำน้อย,,ลุ่มน้ำหลัก,ห้วยแม่น้ำน้อย,ไทรโยค,กาญจนบุรี,,,
429,สำนักงานชลประทานที่ 13,K.25A,บ้านคา,,ลุ่มน้ำหลัก,ห้วยท่าเคย,บ้านคา,ราชบุรี,,,
430,สำนักงานชลประทานที่ 13,K.30,บ้านแม่น้ำน้อย,,ลุ่มน้ำหลัก,ห้วยแม่น้ำเลาะ,ไทรโยค,กาญจนบุรี,,,
431,สำนักงานชลประทานที่ 13,K.31,บ้านน้ำโจน,,ลุ่มน้ำหลัก,ห้วยแม่น้ำน้อย,ไทรโยค,กาญจนบุรี,,,
432,สำนักงานชลประทานที่ 13,K.32A,บ้านบ้องตี้น้อย,,ลุ่มน้ำหลัก,ห้วยบ้องตี้,ไทรโยค,กาญจนบุรี,,,
433,สำนักงานชลประทานที่ 13,K.35A,บ้านหนองบัว,,ลุ่มน้ำหลัก,แม่น้ำแควใหญ่,เมืองกาญจนบุรี,กาญจนบุรี,,,
434,สำนักงานชลประทานที่ 13,K.37,บ้านวังเย็น,,ลุ่มน้ำหลัก,แม่น้ำแควน้อย,เมืองกาญจนบุรี,กาญจนบุรี,11.65,1955.0,19.8
435,สำนักงานชลประทานที่ 13,K.38A,บ้านหนองบาง,,ลุ่มน้ำหลัก,ห้วยลิ่นถิ่น,ทองผาภูมิ,กาญจนบุรี,,,
436,สำนักงานชลประทานที่ 13,K.39,บ้านองธิ,,ลุ่มน้ำหลัก,ห้วยองธิ,ทองผาภูมิ,กาญจนบุรี,,,
437,สำนักงานชลประทานที่ 13,K.50A,บ้านสหกรณ์นิคม,,ลุ่มน้ำหลัก,ห้วยดินโส,ทองผาภูมิ,กาญจนบุรี,,,
438,สำนักงานชลประทานที่ 13,K.54,บ้านลิ่นถิ่น,,ลุ่มน้ำหลัก,แม่น้ำแควน้อย,ทองผาภูมิ,กาญจนบุรี,8.0,970.0,60.6
439,สำนักงานชลประทานที่ 13,K.55A,สะพานค่ายหลวง,,ลุ่มน้ำหลัก,แม่น้ำแม่กลอง,บ้านโป่ง,ราชบุรี,,,
440,สำนักงานชลประทานที่ 13,K.56,บ้านหม้อ,,ลุ่มน้ำหลัก,แม่น้ำแม่กลองแม่กลอง,โพธาราม,ราชบุรี,,,
441,สำนักงานชลประทานที่ 13,K.58,บ้านท่าเสา,,ลุ่มน้ำหลัก,แม่น้ำแควน้อย,ไทรโยค,กาญจนบุรี,17.11,0.0,39.5
442,สำนักงานชลประทานที่ 13,K.60,บ้านกุยมั่ง,,ลุ่มน้ำหลัก,ห้วยกุยมั่ง,ทองผาภูมิ,กาญจนบุรี,,,
443,สำนักงานชลประทานที่ 13,K.62,บ้านหนองไผ่,,ลุ่มน้ำหลัก,ลำภาชี,ด่านมะขามเตี้ย,กาญจนบุรี,,,
444,สำนักงานชลประทานที่ 14,B.3A,บ้านสองพี่น้อง,,ลุ่มน้ำหลัก,แม่น้ำเพชรบุรี,แก่งกระจาน,เพชรบุรี,,,
445,สำนักงานชลประทานที่ 14,B.6A,สะพานท่าเกวียน,,ลุ่มน้ำหลัก,ห้วยแม่ประจันต์,แก่งกระจาน,เพชรบุรี,,,
446,สำนักงานชลประทานที่ 14,B.8A,บ้านโพรงเข้,,ลุ่มน้ำหลัก,ห้วยผาก,ท่ายาง,เพชรบุรี,,,
447,สำนักงานชลประทานที่ 14,B.9,บ้านสาระเห็ด,,ลุ่มน้ำหลัก,แม่น้ำเพชรบุรี,ท่ายาง,เพชรบุรี,,,
448,สำนักงานชลประทานที่ 14,B.10,ตลาดท่ายาง,,ลุ่มน้ำหลัก,แม่น้ำเพชรบุรี,ท่ายาง,เพชรบุรี,,,
449,สำนักงานชลประทานที่ 14,B.11,บ้านจะโปรง,,ลุ่มน้ำหลัก,ห้วยแม่ประจันต์,หนองหญ้าปล้อง,เพชรบุรี,,,
450,สำนักงานชลประทานที่ 14,B.16,สะพานบ้านลาด,,ลุ่มน้ำหลัก,แม่น้ำเพชรบุรี,บ้านลาด,เพชรบุรี,,,
451,สำนักงานชลประทานที่ 14,Gt.7,บ้านวังยาว,,ลุ่มน้ำหลัก,คลองบางสะพานใหญ่,บางสะพาน,ประจวบคีรีขันธ์,,,
452,สำนักงานชลประทานที่ 14,Gt.8,บ้านไร่คลอง,,ลุ่มน้ำหลัก,คลองว้าโทน,เมืองประจวบคีรีขันธ์,ประจวบคีรีขันธ์,,,
453,สำนักงานชลประทานที่ 14,Gt.9,บ้านกลาง,,ลุ่มน้ำหลัก,คลองทับสะแก,ทับสะแก,ประจวบคีรีขันธ์,,,
454,สำนักงานชลประทานที่ 14,Gt.10,บ้านหนองหญ้าปล้อง,,ลุ่มน้ำหลัก,คลองกรูด,บางสะพาน,ประจวบคีรีขันธ์,,,
455,สำนักงานชลประทานที่ 14,Gt.11,บ้านช้างแรก,,ลุ่มน้ำหลัก,คลองใหญ่,บางสะพานน้อย,ประจวบคีรีขันธ์,,,
456,สำนักงานชลประทานที่ 14,Gt.15,บ้านสวนสนห้วยทราย,,ลุ่มน้ำหลัก,ห้วยทราย,เมืองประจวบคีรีขันธ์,ประจวบคีรีขันธ์,,,
457,สำนักงานชลประทานที่ 14,Gt.16,บ้านหินจวง,,ลุ่มน้ำหลัก,คลองหินจวง,เมืองประจวบคีรีขันธ์,ประจวบคีรีขันธ์,,,
458,สำนักงานชลประทานที่ 14,Gt.17,บ้านห้วยยาง,,ลุ่มน้ำหลัก,ห้วยยาง,ทับสะแก,ประจวบคีรีขันธ์,,,
459,สำนักงานชลประทานที่ 14,Gt.18,บ้านจะกะบน,,ลุ่มน้ำหลัก,คลองจะกะ,ทับสะแก,ประจวบคีรีขันธ์,,,
460,สำนักงานชลประทานที่ 14,Gt.19,บ้านอ่างทอง,,ลุ่มน้ำหลัก,คลองอ่างทอง,ทับสะแก,ประจวบคีรีขันธ์,,,
461,สำนักงานชลประทานที่ 14,Gt.20,บ้านบางสะพาน,,ลุ่มน้ำหลัก,คลองบางสะพาน,บางสะพาน,ประจวบคีรีขันธ์,,,
462,สำนักงานชลประทานที่ 14,Ky.3,บ้านทุ่งแฝก,,ลุ่มน้ำหลัก,แม่น้ำกุยบุรี,กุยบุรี,ประจวบคีรีขันธ์,,,
463,สำนักงานชลประทานที่ 13,T.1,หน้ำที่ว่ำกำรอ้ำเภอ,,ลุ่มน้ำหลัก,แม่น้ำท่าจีน,นครชัยศรี,นครปฐม,,,
464,สำนักงานชลประทานที่ 12,T.10 ,บ้ำนวัดพระรูป,,ลุ่มน้ำหลัก,แม่น้ำท่าจีน,เมือง,สุพรรณบุรี,,,
465,สำนักงานชลประทานที่ 12,T.13,บ้ำนบำงกำร้อง,,ลุ่มน้ำหลัก,แม่น้ำท่าจีน,สองพี่น้อง,สุพรรณบุรี,,,
466,สำนักงานชลประทานที่ 13,T.14,รร.บ้านสามพราน,,ลุ่มน้ำหลัก,แม่น้ำท่าจีน,สำมพรำน,นครปฐม,,,
467,สำนักงานชลประทานที่ 13,T.15,วัดบางนารถ,,ลุ่มน้ำหลัก,แม่น้ำท่าจีน,บางเลน,นครปฐม,,,
468,สำนักงานชลประทานที่ 13,K.2B,สะพานธนะรัชต์,,ลุ่มน้ำหลัก,แม่น้ำแม่กลอง,เมืองราชบุรี,ราชบุรี,,,
469,สำนักงานชลประทานที่ 13,K.3A,บ้านลุ่มดงกระเบา,,ลุ่มน้ำหลัก,แม่น้ำแม่กลอง,เมืองกาญจนบุรี,กาญจนบุรี,,,
470,สำนักงานชลประทานที่ 13,K.22A,บ้านแม่น้ำน้อย,,ลุ่มน้ำหลัก,ห้วยแม่น้ำน้อย,ไทรโยค,กาญจนบุรี,,,
471,สำนักงานชลประทานที่ 13,K.36,บ้านท่ามะนาว,,ลุ่มน้ำหลัก,แม่น้ำแควใหญ่,เมืองกาญจนบุรี,กาญจนบุรี,,,
472,สำนักงานชลประทานที่ 13,K.49,บ้านยางสูง,,ลุ่มน้ำหลัก,ล้ำตะเพิน,บ่อพลอย,กาญจนบุรี,,,
473,สำนักงานชลประทานที่ 13,K.53,บ้านศรีมงคล,,ลุ่มน้ำหลัก,ห้วยแม่กระบาล,ไทรโยค,กาญจนบุรี,,,
474,สำนักงานชลประทานที่ 13,K.57,บ้านกระดังงา,,ลุ่มน้ำหลัก,แม่น้ำแม่กลอง,บางคนที,สมุทรสงคราม,,,
475,สำนักงานชลประทานที่ 13,K.61,บ้านดานทับตะโก,,ลุ่มน้ำหลัก,ล้ำภำชี,จอมบึง,ราชบุรี,,,
476,สำนักงานชลประทานที่ 14,B.15,ข้างจวนผู้ว่าฯ,,ลุ่มน้ำหลัก,แม่น้ำเพชรบุรี,เมืองเพชรบุรี,เพชรบุรี,,,
477,สำนักงานชลประทานที่ 14,B.17,สะพานถนนเพชรเกษม,,ลุ่มน้ำหลัก,แม่น้ำเพชรบุรี,เมืองเพชรบุรี,เพชรบุรี,,,
478,สำนักงานชลประทานที่ 14,B.18,เขาลูกช้าง,,ลุ่มน้ำหลัก,แม่น้ำเพชรบุรี,ท่ายาง,เพชรบุรี,,,
479,สำนักงานชลประทานที่ 14,Gt.1 ,บ้านเขาแดง,,ลุ่มน้ำหลัก,คลองเขาแดง,กุยบุรี,ประจวบคีรีขันธ์,,,
480,สำนักงานชลประทานที่ 14,Gt.12A,บ้านห้วยสัก,,ลุ่มน้ำหลัก,คลองลำชู,บางสะพานน้อย,ประจวบคีรีขันธ์,,,
481,สำนักงานชลประทานที่ 14,Gt.20A,บ้านห้วยทรายขาว,,ลุ่มน้ำหลัก,คลองบางสะพาน,บางสะพาน,ประจวบคีรีขันธ์,,,
482,สำนักงานชลประทานที่ 14,Gt.21,บ้านบางสะพาน,,ลุ่มน้ำหลัก,คลองลัด,บางสะพาน,ประจวบคีรีขันธ์,,,
483,สำนักงานชลประทานที่ 14,Gt.22,รร.อนุบาลบางสะพาน,,ลุ่มน้ำหลัก,คลองบางสะพาน,บางสะพาน,ประจวบคีรีขันธ์,,,
484,สำนักงานชลประทานที่ 14,X.214,บ้านเขาหลวง,,ภาคใต้ฝั่งตะวันออกตอนบน,คลองละแม (ล่าง),ละแม,ชุมพร,,,
485,สำนักงานชลประทานที่ 15,X.284,สะพานราเมศวร์,,ภาคใต้ฝั่งตะวันออกตอนบน,คลองท่าวัง (ท่าซัก),เมืองนครศรีธรรมราช,นครศรีธรรมราช,,,
486,สำนักงานชลประทานที่ 15,X.286,ชุมชนหอไตร,,ภาคใต้ฝั่งตะวันออกตอนบน,คลองป่าเหล้า,เมืองนครศรีธรรมราช,นครศรีธรรมราช,,,
487,สำนักงานชลประทานที่ 15,X.287,ชุมชนเพชรจริก,,ภาคใต้ฝั่งตะวันออกตอนบน,คลองสวนหลวง,เมืองนครศรีธรรมราช,นครศรีธรรมราช,,,
488,สำนักงานชลประทานที่ 15,X.288,ชุมชนเพชรจริก,,ภาคใต้ฝั่งตะวันออกตอนบน,คลองคูพาย,เมืองนครศรีธรรมราช,นครศรีธรรมราช,,,
489,สำนักงานชลประทานที่ 15,X.55,บ้านท่าใหญ่,,ภาคใต้ฝั่งตะวันออกตอนบน,คลองท่าดี,ลานสกา,นครศรีธรรมราช,,,
490,สำนักงานชลประทานที่ 15,X.70,บ้านวังก้อง,,ภาคใต้ฝั่งตะวันออกตอนบน,คลองบ้านตาล,เมืองนครศรีธรรมราช,นครศรีธรรมราช,,,
491,สำนักงานชลประทานที่ 16,X.109,บ้านควนอินนอโม,,ทะเลสาบสงขลา,คลองบางแก้ว,ตะโหมด,พัทลุง,,,
492,สำนักงานชลประทานที่ 16,X.110,บ้านลำภูรา,,ภาคใต้ฝั่งตะวันตก,คลองลำภูรา,เมืองตรัง,ตรัง,,,
493,สำนักงานชลประทานที่ 15,X.148,บ้านอุไดใต้,,ภาคใต้ฝั่งตะวันตก,คลองลำโลน,ควนกาหลง,สตูล,,,
494,สำนักงานชลประทานที่ 14,X.205,บ้านละอุ่นใต้,,ภาคใต้ฝั่งตะวันตก,คลองละอุ่น,ละอุ่น,ระนอง,,,
495,สำนักงานชลประทานที่ 14,X.207A,บ้านน้ำจืด,,ภาคใต้ฝั่งตะวันตก,คลองบางน้ำจืด,กระบุรี,ระนอง,,,
496,สำนักงานชลประทานที่ 15,X.291,บ้านช้างเชื่อ,,ภาคใต้ฝั่งตะวันตก,คลองเหล,กะปง,พังงา,,,
497,สำนักงานชลประทานที่ 15,X.5C,บ้านท่าข้าม,,ภาคใต้ฝั่งตะวันออกตอนบน,แม่น้ำตาปี,พุนพิน,สุราษฎร์ธานี,2.5,0.0,0.0
498,สำนักงานชลประทานที่ 15,X.36,บ้านท่าขนอน,,ภาคใต้ฝั่งตะวันออกตอนบน,คลองพุมดวง,คีรีรัฐนิคม,สุราษฎร์ธานี,,,
499,สำนักงานชลประทานที่ 15,X.37A,บ้านย่านดินแดง,,ภาคใต้ฝั่งตะวันออกตอนบน,แม่น้ำตาปี,พระแสง,สุราษฎร์ธานี,11.7,561.5,0.0
500,สำนักงานชลประทานที่ 14,X.46,บ้านท่าข้าม,,ภาคใต้ฝั่งตะวันออกตอนบน,คลองรับร่อ,ท่าแซะ,ชุมพร,,,
501,สำนักงานชลประทานที่ 14,X.53A,บ้านวังไผ่,,ภาคใต้ฝั่งตะวันออกตอนบน,คลองชุมพร,เมืองชุมพร ,ชุมพร ,8.7,199.5,0.0
502,สำนักงานชลประทานที่ 14,X.64,บ้านท่าแซะ,,ภาคใต้ฝั่งตะวันออกตอนบน,คลองท่าแซะ,ท่าแซะ,ชุมพร,,,
503,สำนักงานชลประทานที่ 15,X.149,บ้านท้ายนา,,ภาคใต้ฝั่งตะวันออกตอนบน,คลองกลาย,นบพิตำ,นครศรีธรรมราช,,,
504,สำนักงานชลประทานที่ 14,X.158,บ้านวังครก,,ภาคใต้ฝั่งตะวันออกตอนบน,คลองท่าตะเภา,ท่าแซะ,ชุมพร,11.5,763.0,0.0
505,สำนักงานชลประทานที่ 15,X.167,บ้านเสาธง,,ภาคใต้ฝั่งตะวันออกตอนบน,คลองเสาธง,ร่อนพิบูลย์,นครศรีธรรมราช,,,
506,สำนักงานชลประทานที่ 14,X.180,สะพานเทศบาล 2,,ภาคใต้ฝั่งตะวันออกตอนบน,คลองท่าตะเภา,เมืองชุมพร ,ชุมพร,0.0,0.0,0.0
507,สำนักงานชลประทานที่ 15,X.195,บ้านต้นโพธิ์,,ภาคใต้ฝั่งตะวันออกตอนบน,แม่น้ำตาปี,ฉวาง ,นครศรีธรรมราช,,,
508,สำนักงานชลประทานที่ 15,X.198,บ้านบางรูป,,ภาคใต้ฝั่งตะวันออกตอนบน,คลองสินปุน,พระแสง,สุราษฎร์ธานี,,,
509,สำนักงานชลประทานที่ 15,X.200,บ้านวังไทร,,ภาคใต้ฝั่งตะวันออกตอนบน,คลองท่าดี,ลานสกา,นครศรีธรรมราช,,,
510,สำนักงานชลประทานที่ 14,X.201A,บ้านท่าไม้ลาย,,ภาคใต้ฝั่งตะวันออกตอนบน,คลองชุมพร (บน),เมืองชุมพร ,ชุมพร,41.0,186.0,0.0
511,สำนักงานชลประทานที่ 15,X.203,บ้านนาป่า,,ภาคใต้ฝั่งตะวันออกตอนบน,คลองท่าดี,เมืองนครศรีธรรมราช,นครศรีธรรมราช,,,
512,สำนักงานชลประทานที่ 14,X.212,ถนนลูกเสือ,,ภาคใต้ฝั่งตะวันออกตอนบน,คลองหลังสวน (ล่าง),หลังสวน,ชุมพร,6.0,1120.0,0.0
513,สำนักงานชลประทานที่ 14,X.213,บ้านพะโต๊ะ,,ภาคใต้ฝั่งตะวันออกตอนบน,คลองหลังสวน (บน),พะโต๊ะ,ชุมพร,49.5,664.0,
514,สำนักงานชลประทานที่ 15,X.217,บ้านเคียนซา,,ภาคใต้ฝั่งตะวันออกตอนบน,แม่น้ำตาปี,เคียนซา,สุราษฎร์ธานี,6.0,1400.0,0.0
515,สำนักงานชลประทานที่ 15,X.243,บ้านควนกลาง (1),,ภาคใต้ฝั่งตะวันออกตอนบน,แม่น้ำตาปี,พิปูน,นครศรีธรรมราช,,,
516,สำนักงานชลประทานที่ 14,X.248,บ้านหาดใน,,ภาคใต้ฝั่งตะวันออกตอนบน,คลองรับร่อ,ท่าแซะ,ชุมพร,,,
517,สำนักงานชลประทานที่ 15,X.258,บ้านใหม่,,ภาคใต้ฝั่งตะวันออกตอนบน,คลองอิปัน (บน),พระแสง,สุราษฎร์ธานี,,,
518,สำนักงานชลประทานที่ 15,X.260,บ้านอาพาธ,,ภาคใต้ฝั่งตะวันออกตอนบน,คลองอิปัน (ล่าง),พระแสง,สุราษฎร์ธานี,,,
519,สำนักงานชลประทานที่ 14,X.269,บ้านห้วยใหญ่,,ภาคใต้ฝั่งตะวันออกตอนบน,คลองตะโก (บน),ทุ่งตะโก,ชุมพร,,,
520,สำนักงานชลประทานที่ 15,X.285,สนามหน้าเมือง,,ภาคใต้ฝั่งตะวันออกตอนบน,คลองนครน้อย,เมืองนครศรีธรรมราช,นครศรีธรรมราช,,,
521,สำนักงานชลประทานที่ 15,X.289,วัดถลุงทอง,,ภาคใต้ฝั่งตะวันออกตอนบน,คลองเสาธง,ร่อนพิบูลย์,นครศรีธรรมราช,,,
522,สำนักงานชลประทานที่ 16,X.44  ,บ้านหาดใหญ่ใน,,ทะเลสาบสงขลา,คลองอู่ตะเภา,หาดใหญ่,สงขลา,7.4,530.0,0.0
523,สำนักงานชลประทานที่ 16,X.67A,บ้านนาสีทอง,,ทะเลสาบสงขลา,คลองรัตภูมิ,รัตภูมิ,สงขลา,,,
524,สำนักงานชลประทานที่ 16,X.68,บ้านท่าแค,,ทะเลสาบสงขลา,คลองท่าแค,เมืองพัทลุง,พัทลุง,15.6,60.0,0.0
525,สำนักงานชลประทานที่ 16,X.71B,บ้านควนลัง,,ทะเลสาบสงขลา,คลองต่ำ,หาดใหญ่,สงขลา,,,
526,สำนักงานชลประทานที่ 16,X.90,บ้านบางศาลา,,ทะเลสาบสงขลา,คลองอู่ตะเภา,คลองหอยโข่ง,สงขลา,9.53,904.6,0.0
527,สำนักงานชลประทานที่ 16,X.112,บ้านตะเคียนเภา,,ทะเลสาบสงขลา,คลองอู่ตะเภา,สะเดา,สงขลา,,,
528,สำนักงานชลประทานที่ 16,X.113,บ้านทุ่งปราบ,,ทะเลสาบสงขลา,คลองหล้าปัง,สะเดา,สงขลา,,,
529,สำนักงานชลประทานที่ 16,X.129,บ้านคลองอีโต,,ทะเลสาบสงขลา,คลองอีโต,บางแก้ว,พัทลุง,,,
530,สำนักงานชลประทานที่ 16,X.170,บ้านคลองลำ,,ทะเลสาบสงขลา,คลองลำ,ศรีนครินทร์,พัทลุง,25.2,342.0,0.0
531,สำนักงานชลประทานที่ 16,X.173A,บ้านม่วงก็อง,,ทะเลสาบสงขลา,คลองอู่ตะเภา,สะเดา,สงขลา,16.13,262.3,0.0
532,สำนักงานชลประทานที่ 16,X.174,บ้านคลองหวะ,,ทะเลสาบสงขลา,คลองหวะ,หาดใหญ่,สงขลา,,,
533,สำนักงานชลประทานที่ 16,X.181,บ้านหาร,,ทะเลสาบสงขลา,คลองอู่ตะเภา,บางกล่ำ,สงขลา,,,
534,สำนักงานชลประทานที่ 16,X.240,บ้านหูแร่,,ทะเลสาบสงขลา,คลองวาด (บน),หาดใหญ่,สงขลา,,,
535,สำนักงานชลประทานที่ 16,X.265,หน้าวัดภูผาพิมุข,,ทะเลสาบสงขลา,คลองนุ้ย,เมืองพัทลุง,พัทลุง,,,
536,สำนักงานชลประทานที่ 16,X.267,บ้านแม่ขรี,,ทะเลสาบสงขลา,คลองท่าเชียด,ตะโหมด,พัทลุง,,,
537,สำนักงานชลประทานที่ 16,X.276,บ้านเขาปู่,,ทะเลสาบสงขลา,คลองท่าแนะ (บน),ศรีบรรพต,พัทลุง,,,
538,สำนักงานชลประทานที่ 16,X.277,บ้านพิกุลทอง,,ทะเลสาบสงขลา,คลองท่าแนะ (ล่าง),ควนขนุน,พัทลุง,,,
539,สำนักงานชลประทานที่ 16,X.282,ตลาดนาทวี,,ทะเลสาบสงขลา,คลองนาทวี,นาทวี,สงขลา,,,
540,สำนักงานชลประทานที่ 17,X.10A,สะพานเดชานุชิต,,ภาคใต้ฝั่งตะวันออกตอนล่าง,แม่น้ำปัตตานี,เมืองปัตตานี,ปัตตานี,,,
541,สำนักงานชลประทานที่ 17,X.40A,บ้านท่าสาป,,ภาคใต้ฝั่งตะวันออกตอนล่าง,แม่น้ำปัตตานี,เมืองยะลา,ยะลา,,,
542,สำนักงานชลประทานที่ 17,X.40B,ท้ายเขื่อนปัตตานี,,ภาคใต้ฝั่งตะวันออกตอนล่าง,แม่น้ำปัตตานี,เมืองยะลา,ยะลา,,,
543,สำนักงานชลประทานที่ 17,X.73,บ้านตันหยงมัส,,ภาคใต้ฝั่งตะวันออกตอนล่าง,คลองตันหยงมัส,ระแงะ,นราธิวาส,,,
544,สำนักงานชลประทานที่ 17,X.73A,บ้านบองอ,,ภาคใต้ฝั่งตะวันออกตอนล่าง,คลองตันหยงมัส,ระแงะ,นราธิวาส,,,
545,สำนักงานชลประทานที่ 17,X.77,บ้านหัวสะพาน,,ภาคใต้ฝั่งตะวันออกตอนล่าง,แม่น้ำปัตตานี,บันนังสตา,ยะลา,,,
546,สำนักงานชลประทานที่ 17,X.119 ,บ้านมูโน๊ะ,,ภาคใต้ฝั่งตะวันออกตอนล่าง,แม่น้ำโก-ลก,สุไหงโก-ลก,นราธิวาส,,,
547,สำนักงานชลประทานที่ 17,X.119A,บริเวณสะพานลันตู,,ภาคใต้ฝั่งตะวันออกตอนล่าง,แม่น้ำโก-ลก,สุไหงโก-ลก,นราธิวาส,9.3,318.0,0.0
548,สำนักงานชลประทานที่ 17,X.184,บ้านซากอ,,ภาคใต้ฝั่งตะวันออกตอนล่าง,แม่น้ำสายบุรี,ศรีสาคร,นราธิวาส,,,
549,สำนักงานชลประทานที่ 17,X.199,บ้านท่าเรือ,,ภาคใต้ฝั่งตะวันออกตอนล่าง,แม่น้ำสายบุรี,รือเสาะ,นราธิวาส,,,
550,สำนักงานชลประทานที่ 17,X.272,บ้านลาคอ,,ภาคใต้ฝั่งตะวันออกตอนล่าง,แม่น้ำสายบุรี,สายบุรี,ปัตตานี,,,
551,สำนักงานชลประทานที่ 17,X.273,บ้านปายอยือนิ,,ภาคใต้ฝั่งตะวันออกตอนล่าง,แม่น้ำสายบุรี,รามัน,ยะลา,,,
552,สำนักงานชลประทานที่ 17,X.274,บ้านบูเก๊ะตา,,ภาคใต้ฝั่งตะวันออกตอนล่าง,แม่น้ำโก-ลก,แว้ง,นราธิวาส,23.5,233.0,0.0
553,สำนักงานชลประทานที่ 17,X.275,บ้านบริดอ,,ภาคใต้ฝั่งตะวันออกตอนล่าง,แม่น้ำปัตตานี,เมืองปัตตานี,ปัตตานี,,,
554,สำนักงานชลประทานที่ 17,X.283,บ้านปรีกี,,ภาคใต้ฝั่งตะวันออกตอนล่าง,แม่น้ำปัตตานี,ยะรัง,ปัตตานี,,,
555,สำนักงานชลประทานที่ 16,X.47,บ้านท่าจีน,,ภาคใต้ฝั่งตะวันตก,แม่น้ำตรัง,เมืองตรัง,ตรัง,,,
556,สำนักงานชลประทานที่ 16,X.56,บ้านท่าประดู่,,ภาคใต้ฝั่งตะวันตก,แม่น้ำตรัง,ห้วยยอด,ตรัง,15.7,448.0,0.0
557,สำนักงานชลประทานที่ 16,X.139A,บ้านปะเหลียนใน,,ภาคใต้ฝั่งตะวันตก,คลองปะเหลียน,ปะเหลียน,ตรัง,,,
558,สำนักงานชลประทานที่ 16,X.150,บ้านวังพระเคียน,,ภาคใต้ฝั่งตะวันตก,คลองละงู,ละงู,สตูล,12.8,282.0,0.0
559,สำนักงานชลประทานที่ 15,X.186,บ้านตลาดเก่า,,ภาคใต้ฝั่งตะวันตก,คลองตะกั่วป่า,ตะกั่วป่า,พังงา,4.4,694.0,0.0
560,สำนักงานชลประทานที่ 15,X.187,บ้านหินดาน,,ภาคใต้ฝั่งตะวันตก,คลองตะกั่วป่า,ตะกั่วป่า,พังงา,,,
561,สำนักงานชลประทานที่ 15,X.188A,บ้านรมณีย์,,ภาคใต้ฝั่งตะวันตก,คลองรมณีย์,กะปง,พังงา,17.46,169.3,0.0
562,สำนักงานชลประทานที่ 15,X.190A,บ้านเก็ตโฮ่,,ภาคใต้ฝั่งตะวันตก,คลองบางใหญ่ (บน),กระทู้,ภูเก็ต,,,
563,สำนักงานชลประทานที่ 15,X.191,โรงเรียนสตรีภูเก็ต,,ภาคใต้ฝั่งตะวันตก,คลองบางใหญ่ (ล่าง),เมืองภูเก็ต,ภูเก็ต,,,
564,สำนักงานชลประทานที่ 15,X.196,บ้านท่านา,,ภาคใต้ฝั่งตะวันตก,คลองกะปง,กะปง,พังงา,,,
565,สำนักงานชลประทานที่ 14,X.207,บ้านน้ำจืด,,ภาคใต้ฝั่งตะวันตก,คลองบางน้ำจืด,กระบุรี,ระนอง,,,
566,สำนักงานชลประทานที่ 14,X.208A,บ้านทุ่งใหญ่,,ภาคใต้ฝั่งตะวันตก,คลองกะเปอร์,กะเปอร์,ระนอง,,,
567,สำนักงานชลประทานที่ 14,X.209,ถนนเพชรเกษม,,ภาคใต้ฝั่งตะวันตก,คลองหาดส้มแป้น(ล่าง),เมืองระนอง,ระนอง,,,
568,สำนักงานชลประทานที่ 16,X.228,บ้านกลาง,,ภาคใต้ฝั่งตะวันตก,แม่น้ำตรัง,เมืองตรัง,ตรัง,,,
569,สำนักงานชลประทานที่ 16,X.231A,ชุมชนประชาบำรุง,,ภาคใต้ฝั่งตะวันตก,คลองละงู,ละงู,สตูล,3.0,0.0,0.0
570,สำนักงานชลประทานที่ 16,X.233,บ้านไสหาร,,ภาคใต้ฝั่งตะวันตก,แม่น้ำตรัง,ห้วยยอด,ตรัง,,,
571,สำนักงานชลประทานที่ 16,X.234,บ้านป่าหมาก,,ภาคใต้ฝั่งตะวันตก,แม่น้ำตรัง (ล่าง),เมืองตรัง,ตรัง,6.4,430.0,0.0
572,สำนักงานชลประทานที่ 16,X.236,บ้านย่านตาขาว,,ภาคใต้ฝั่งตะวันตก,คลองปะเหลียน (ล่าง),ย่านตาขาว,ตรัง,,,
573,สำนักงานชลประทานที่ 16,X.239,บ้านฉลุงเหนือ,,ภาคใต้ฝั่งตะวันตก,คลองดุสน,เมืองสตูล,สตูล,,,
574,สำนักงานชลประทานที่ 15,X.245,บ้านบางตง,,ภาคใต้ฝั่งตะวันตก,คลองพังงา,เมืองพังงา,พังงา,,,
575,สำนักงานชลประทานที่ 16,X.261,บ้านการะเกตุ,,ภาคใต้ฝั่งตะวันตก,คลองท่าแพ (บน),ควนกาหลง,สตูล,,,
576,สำนักงานชลประทานที่ 16,X.279,บ้านปันจอร์,,ภาคใต้ฝั่งตะวันตก,คลองดุสน,ควนโดน,สตูล,,,
577,สำนักงานชลประทานที่ 16,X.280,ซอยทรายทอง,,ภาคใต้ฝั่งตะวันตก,คลองดุสน,เมืองสตูล,สตูล,,,
578,สำนักงานชลประทานที่ 16,X.281,บ้านดุสน,,ภาคใต้ฝั่งตะวันตก,คลองดุสน,ควนโดน,สตูล,,,
579,สำนักงานชลประทานที่ 14,X.290A,บ้านเจ็ดท่อ,,ภาคใต้ฝั่งตะวันตก,คลองโรงหัด,เมืองระนอง,ระนอง,,,
