Station ID,Station Name,River Name,Province,Amphure
"G.12","บ้านใหม่ริมฝาง","น้ำฝาง","เชียงใหม่","ฝาง"
"G.14","สะพานบ้านคาย","น้ำฝาง","เชียงใหม่","แม่อาย"
"G.2A","บ้านกกโถ้ง","น้ำแม่กก","เชียงราย","เมืองเชียงราย"
"G.4","บ้านปางริมกรณ์","น้ำแม่กรณ์","เชียงราย","เมืองเชียงราย"
"G.8A","บ้านร่องขุ่น","น้ำแม่ลาว","เชียงราย","เมืองเชียงราย"
"I.14","บ้านน้ำอิง","น้ำอิง","เชียงราย","ขุนตาล"
"I.1A","บ้านวัดศรีจอมเรือง","อิง","พะเยา","เมืองพะเยา"
"I.6","บ้านน้ำแวน","น้ำแวน","พะเยา","เชียงคำ"
"N.63","บ้านหัวเมือง","น้ำแหง","น่าน","นาน้อย"
"N.86","บ้านหนองแดง","น้ำน่าน","น่าน","เชียงกลาง"
"N.87","บ้านภูแยง","น้ำมวบ","น่าน","สันติสุข"
"N.88","บ้านกลาง","น้ำสา","น่าน","เวียงสา"
"P.104","บ้านเกาะกลาง","แม่น้ำปิง","เชียงใหม่","สารภี"
"P.105","บ้านสวนหลวง","น้ำแม่ขนาด","ลำพูน","แม่ทา"
"P.14","แก่งออบหลวง","น้ำแม่แจ่ม","เชียงใหม่","ฮอด"
"P.24D","บ้านหลวงใต้","น้ำแม่กลาง","เชียงใหม่","จอมทอง"
"P.85A","บ้านหล่ายแก้ว","น้ำแม่ลี้","ลำพูน","บ้านโฮ่ง"
"P.90","บ้านทับเดื่อ","แม่น้ำปิง","เชียงใหม่","แม่แตง"
"P.92A","บ้านห้วยป่าซาง","น้ำแม่แตง","เชียงใหม่","แม่แตง"
"P.94","บ้านเจียง","น้ำแม่แจ่ม","เชียงใหม่","แม่แจ่ม"
"Y.36","บ้านป่าคา","น้ำควร","พะเยา","ปง"
"Y.37A","บ้านวังชิ้น","แม่น้ำยม","แพร่","วังชิ้น"
"Y.66","บ้านวังดิน","แม่น้ำยม","แพร่","สอง"
"Y.67","บ้านหนุนใต้","แม่น้ำยม","แพร่","สอง"
"N.8","บ้านบางมูลนาก","แม่น้ำน่าน","พิจิตร","บางมูลนาก"
"N.28A","บ้านนากล่ำ","คลองตรอน","อุตรดิตถ์","น้ำปาด"
"N.40","บ้านหนองบอน","แม่น้ำแควน้อย","พิษณุโลก","วัดโบสถ์"
"N.58","บ้านกกม่วง","น้ำเฟื้อ","พิษณุโลก","นครไทย"
"N.59","บ้านนาโพธิ์นาจาน","น้ำคาน","พิษณุโลก","นครไทย"
"N.62","บ้านห้วยท่าเนื้อ","น้ำคลึง","พิษณุโลก","ชาติตระการ"
"N.66","บ้านเนินเพิ่ม","ห้วยออมสิงห์","พิษณุโลก","นครไทย"
"N.68","ท่าตะเคียน","แม่น้ำน่าน","พิษณุโลก","เมืองพิษณุโลก"
"N.69","บ้านนาทุ่งใหญ่","แม่น้ำแควน้อย","พิษณุโลก","นครไทย"
"N.70","บ้านโคกผักหวาน","ห้วยน้ำคับ","พิษณุโลก","ชาติตระการ"
"N.72","บ้านวังปรากฏ","คลองตรอน","อุตรดิตถ์","ทองแสงขัน"
"N.74","บ้านบางกระทุ่ม","แม่น้ำน่าน","พิษณุโลก","บางกระทุ่ม"
"N.82","บ้านแก่งทรายงาม","ห้วยน้ำรี","อุตรดิตถ์","ท่าปลา"
"N.83","บ้านกิ๋วเคียน","ห้วยน้ำรี","อุตรดิตถ์","ท่าปลา"
"Y.5","หน้าอำเภอโพทะเล","แม่น้ำยม","พิจิตร","โพทะเล"
"Y.6","บ้านแก่งหลวง","แม่น้ำยม","สุโขทัย","ศรีสัชนาลัย"
"Y.29","บ้านแม่ฮู้","ห้วยแม่ฮู้","สุโขทัย","ศรีสัชนาลัย"
"Y.40","หน้าวัดคงคาราม","แม่น้ำยม","พิจิตร","โพทะเล"
"Y.42","ท่าตะคล้อ","แม่น้ำยม","พิจิตร","โพธิ์ประทับช้าง"
"S.10","บ้านหินฮาว","ห้วยน้ำพุง","เพชรบูรณ์","หล่มเก่า"
"S.17","บ้านฝายวังบน","ห้วยน้ำชุน","เพชรบูรณ์","หล่มสัก"
"S.36","บ้านโนนทอง","แม่น้ำป่าสัก","เพชรบูรณ์","หล่มสัก"
"E.5","บ้านโนนเปลือย","แม่น้ำชี","ชัยภูมิ","บ้านเขว้า"
"E.6C","บ้านตาดโตน","ลำปะทาว","ชัยภูมิ","เมืองชัยภูมิ"
"E.29A","บ้านผานกเค้า","ลำน้ำพอง","เลย","ภูกระดึง"
"E.32A","บ้านหนองอ้อ","แม่น้ำชี","ชัยภูมิ","บ้านเขว้า"
"E.54","บ้านกุดฉิมคุ้มใหญ่","ลำน้ำยัง","กาฬสินธุ์","กุฉินารายณ์"
"E.57A","บ้านสมสนุก","น้ำยัง","กาฬสินธุ์","เขาวง"
"E.64A","บ้านนาแก","ลำพะเนียง","หนองบัวลำภู","นาวัง"
"E.65","บ้านท่าไฮ","ลำปาว","อุดรธานี","ศรีธาตุ"
"E.67","บ้านท่างาม","ลำพันชาด","กาฬสินธุ์","สามชัย"
"E.68A","บ้านข้องโป้","ลำพะเนียง","หนองบัวลำภู","เมืองหนองบัวลำภู"
"E.70","บ้านกุดก่วง","ลำน้ำยัง","ร้อยเอ็ด","โพนทอง"
"E.72","บ้านเจียง","ลำเจียง","ชัยภูมิ","ภักดีชุมพล"
"E.73A","บ้านวังตะกู","ลำเจา","ชัยภูมิ","ภักดีชุมพล"
"E.76A","บ้านโพน","ห้วยสังกะ","กาฬสินธุ์","คำม่วง"
"E.83","บ้านนาเจริญ","ลำสะพุง","ชัยภูมิ","หนองบัวแดง"
"E.79A","บ้านอีเลิศ","ลำพองโก","เลย","ภูกระดึง"
"E.84","บ้านนางแดดโคก","แม่น้ำชี","ชัยภูมิ","หนองบัวแดง"
"E.85","บ้านโนนหัน","น้ำเชิญ","ขอนแก่น","ชุมแพ"
"E.88","บ้านดงสวรรค์","ห้วยมูล","กาฬสินธุ์","ท่าคันโท"
"E.89","บ้านหนองริวหนัง","ห้วยลำหนองแสง","กาฬสินธุ์","หนองกรุงศรี"
"E.90","บ้านเนินยางใต้","ห้วยสังเคียบ","กาฬสินธุ์","คำม่วง"
"E.93","บ้านยาง","น้ำพรม","ชัยภูมิ","เกษตรสมบูรณ์"
"KH.9A","บ้านหนองศาลา","น้ำก่ำ","สกลนคร","โพนนาแก้ว"
"KH.18","บ้านนาอ่าง","ห้วยโมง","อุดรธานี","บ้านผือ"
"KH.28A","สะพานบ้านนาหลัก","แม่น้ำเลย","เลย","วังสะพุง"
"KH.53","บ้านหนองวัวซอ","ห้วยหลวง","อุดรธานี","หนองวัวซอ"
"KH.54","บ้านนาหว้า","น้ำอูน","นครพนม","นาหว้า"
"KH.58A","บ้านฟากเลย","แม่น้ำเลย","เลย","เมืองเลย"
"KH.61","บ้านแก่งบง","แม่น้ำเลย","เลย","ภูหลวง"
"KH.74","บ้านท่าห้วยหลัว","น้ำสงคราม","สกลนคร","บ้านม่วง"
"KH.77A","บ้านกกซ้อ","น้ำทบ","เลย","วังสะพุง"
"KH.78","บ้านน้ำฮวย","ห้วยน้ำฮวย","เลย","เมืองเลย"
"KH.90","บ้านตองโขบ","แม่น้ำพุง","สกลนคร","โคกศรีสุพรรณ"
"KH.91","บ้านดอนสวรรค์","ห้วยชะโนด","นครพนม","ธาตุพนม"
"KH.92","บ้านก้านเหลืองดง","ห้วยบางทราย","มุกดาหาร","ดงหลวง"
"KH.93","บ้านโคกคำไหล","น้ำสงคราม","อุดรธานี","บ้านดุง"
"KH.95","บ้านแก่งไฮ","น้ำสาน","เลย","ภูเรือ"
"KH.98","บ้านท่ากกแดง","น้ำสงคราม","บึงกาฬ","เซกา"
"KH.99A","บ้านแก่งนาง","ห้วยบางทราย","มุกดาหาร","ดงหลวง"
"KH.101","บ้านแก่นเต่า","ห้วยมุก","มุกดาหาร","เมืองมุกดาหาร"
"KH.103","บ้านโนนตูม","ห้วยหลวง","อุดรธานี","เมืองอุดรธานี"
"KH.105","บ้านผาน้อย","น้ำป่วน","เลย","วังสะพุง"
"KH.108","บ้านพอกใหญ่","น้ำอูน","สกลนคร","พรรณานิคม"
"KH.115","บ้านเหล่าสมบรูณ์","น้ำสงคราม","สกลนคร","บ้านม่วง"
"M.38C","คลองไผ่","ลำตะคอง","นครราชสีมา","สีคิ้ว"
"M.49","หนองโสน","แม่น้ำมูล","นครราชสีมา","ครบุรี"
"M.50","ครบุรี","ลำแซะ","นครราชสีมา","ครบุรี"
"M.75","โนนยาง","ห้วยกว้าง","อุบลราชธานี","พิบูลมังสาหาร"
"M.91","โคกแดง","ห้วยสำราญ","ศรีสะเกษ","ภูสิงห์"
"M.98","พยุห์","ห้วยทา","ศรีสะเกษ","พยุห์"
"M.108","สระขุด","ลำพังชู","สุรินทร์","ชุมพลบุรี"
"M.110","ดอนใหญ่ใต้","ห้วยตุงลุง","บุรีรัมย์","ศรีเมืองใหม่"
"M.112","โคกใหญ่","ห้วยตะโคง","อุบลราชธานี","สตึก"
"M.119","โคกสะแกราช","ลำเชียงสา","นครราชสีมา","ปักธงชัย"
"M.124","โนน","ห้วยตะกั่ว","บุรีรัมย์","ใหม่ไชยพจน์"
"M.125","ห้วยไฮ","ห้วยแอก","บุรีรัมย์","ใหม่ไชยพจน์"
"M.127","นาไฮ","ห้วยตาเทียว","อุบลราชธานี","ตระการพืชผล"
"M.132","โหมน","ห้วยสะพือ","อุบลราชธานี","ตระการพืชผล"
"M.137","ระกา","ห้วยเหนือ","ศรีสะเกษ","ขุขันธ์"
"M.142","โดนอาวร์","ห้วยขยุง","ศรีสะเกษ","กันทรลักษ์"
"M.143","หนองใหญ่","ห้วยสังกด","ศรีสะเกษ","กันทรลักษ์"
"M.152","โพนทองน้อย","ห้วยบอน","อุบลราชธานี","น้ำยืน"
"M.153","กุดเชียงหมุน","ลำโดมใหญ่","อุบลราชธานี","น้ำยืน"
"M.154","นาจะหลวย","ห้วยหลวง","อุบลราชธานี","นาจะหลวย"
"M.155","นาผือ","ห้วยละโอง","อำนาจเจริญ","เมืองอำนาจเจริญ"
"M.156","นาผือ","ห้วยบ้าน","อำนาจเจริญ","เมืองอำนาจเจริญ"
"M.160","โพนงาม","ลำโดมน้อย","อุบลราชธานี","บุณฑริก"
"M.172","โนนสาวเอ้","คลองไผ่","นครราชสีมา","วังน้ำเขียว"
"M.175","หนองสาหร่าย","ลำพลับพลา","ร้อยเอ็ด","สุวรรณภูมิ"
"M.178","หนองเต่า","ห้วยขุหลุ","อุบลราชธานี","ตระการพืชผล"
"M.181","ท่าวังยาง","แม่น้ำมูล","อุบลราชธานี","วารินชำราบ"
"M.193","บ้านกอก","แม่น้ำมูล","จ.ศรีสะเกษ","กันทรารมย์"
"M.194","บ้านเมืองที","แม่น้ำมูล","นครราชสีมา","โนนสูง"
"M.196","บ้านอังกัญโพธิ์","ห้วยเสนง","สุรินทร์","ปราสาท"
"M.197","บ้านสี่เหลี่ยม","ห้วยโตง","สุรินทร์","ปราสาท"
"M.198","บ้านสุขสำราญ","ลำปลายมาศ","บุรีรัมย์","ปะคำ"
"T.11","บ้านผาทั่ง","ห้วยกระเสียว","อุทัยธานี","บ้านไร่"
"N.14A","วัดหลวงพ่อแก้ว","แม่น้ำน่าน","นครสวรรค์","ชุมแสง"
"N.37","บ้านทับกฤช","แม่น้ำน่าน","นครสวรรค์","ชุมแสง"
"N.76","บ้านหนองขอน","คลองห้วยชัน","นครสวรรค์","ชุมแสง"
"N.77","บ้านคลองคล้า","คลองท่ามะนาว","นครสวรรค์","ชุมแสง"
"N.78","บ้านหนองเต่าใต้","คลองบ้านบึง","นครสวรรค์","เก้าเลี้ยว"
"N.79","บ้านยางใหญ่","คลองห้วยรั้ว","นครสวรรค์","เก้าเลี้ยว"
"N.80","บ้านบางพระหลวง","คลองเกรียงไกร","นครสวรรค์","ชุมแสง"
"N.85","สะพานแควใหญ่พัฒนา","แม่น้ำน่าน","นครสวรรค์","เมืองนครสวรรค์"
"C.12","กรมชลประทานสามเสน","แม่น้ำเจ้าพระยา","กรุงเทพมหานคร","เขตดุสิต"
"C.22A","กรมชลประทานปากเกร็ด","แม่น้ำเจ้าพระยา","นนทบุรี","ปากเกร็ด"
"C.28A","บ้านอิฐ","คลองบางแก้ว","อ่างทอง","เมืองอ่างทอง"
"C.38","โรงเรียนคณะราษฎร์บำรุง","แม่น้ำเจ้าพระยา","ปทุมธานี","เมืองปทุมธานี"
"C.44","บ้านอินทร์บุรี","แม่น้ำเจ้าพระยา","สิงห์บุรี","อินทร์บุรี"
"C.45","บ้านบางน้ำเชี่ยว","แม่น้ำเจ้าพระยา","สิงห์บุรี","พรหมบุรี"
"C.46","บ้านไชโย","แม่น้ำเจ้าพระยา","อ่างทอง","ไชโย"
"C.47","บ้านป่าโมก","แม่น้ำเจ้าพระยา","อ่างทอง","ป่าโมก"
"C.56","บ้านท่าน้ำอ้อย","แม่น้ำเจ้าพระยา","นครสวรรค์","พยุหะคีร"
"C.58","บ้านหนองบัว","คลองกระทง","ชัยนาท","วัดสิงห์"
"C.60","บ้านท่าตะโก","คลองท่าตะโก","นครสวรรค์","ท่าตะโก"
"C.64","ท่าข้ากำนันทรง","บึงบอระเพ็ด","นครสวรรค์","เมืองนครสวรรค์"
"C.65","สะพานบางประมุง","คลองบางประมุง","นครสวรรค์","โกรกพระ"
"C.66","สะพานโคกจันทร์","แม่น้ำเจ้าพระยา","ชัยนาท","สรรพยา"
"Ct.20","บ้านสะพานเหล็ก","ห้วยทับเสลา","อุทัยธานี","ลานสัก"
"Ct.21","บ้านบึงโคกช้าง","ห้วยก้านยาว","อุทัยธานี","สว่างอารมณ"
"Ct.22","บ้านหมกแถว","ห้วยขวี","อุทัยธานี","หนองขาหย่าง"
"Ct.23","บ้านห้วยรัง","ห้วยรัง","อุทัยธานี","ลานสัก"
"Ct.24","บ้านจักษา","คลองระแวง","อุทัยธานี","เมืองอุทัยธานี"
"S.7A","วัดท่าระหัด","ลำมวกเหล็ก","สระบุรี","พัฒนานิคม"
"S.39","บ้านบัวชุม","แม่น้ำป่าสัก","ลพบุรี","ชัยบาดาล"
"S.40","บ้านจงโก","ลำสนธิ","ลพบุรี","ล้าสนธิ"
"S.44","บ้านเสาไห้","แม่น้ำป่าสัก","สระบุรี","เสาไห้"
"S.47","บ้านครัว","คลองชัยนาท - ป่าสัก","สระบุรี","ท่าลาน"
"S.48","วัดท่าช้างใต้","แม่น้ำป่าสัก","สระบุรี","เสาไห้"
"S.49","วัดหัวหิน","แม่น้ำป่าสัก","พระนครศรีอยุธยา","ท่าเรือ"
"S.50","สะพานพรหมรังส","แม่น้ำป่าสัก","พระนครศรีอยุธยา","ท่าเรือ"
"T.12A","บ้านทับหมัน","ห้วยกระเสียว","สุพรรณบุรี","ด่านช้าง"
"C.51","บ้านกุดจอก","ห้วยขุนแก้ว","ชัยนาท","หนองมะโมง"
"260311 (N.67)","บ้านเกยไชยเหนือ","แม่น้ำน่าน","นครสวรรค์","ชุมแสง"
"040361 (C.13)","เขื่อนเจ้าพระยา","แม่น้ำเจ้าพระยา","ชัยนาท","สรรพยา"
"690251","","โครงการส่งน้ำฯทับเสลา","อุทัยธานี","ลานสัก"
"260451","บ้านเกาะใหญ่","บ้านเกาะใหญ่","นครสวรรค์","แม่วงก์"
"260461","บ้านธารมะยม","บ้านธารมะยม","นครสวรรค์","แม่วงก์"
"690371","ระบำ","ห้วยขาแข้ง","อุทัยธานี","ลานสัก"
"690151 (C.30)","บ้านสมอทอง","ห้วยขุนแก้ว","อุทัยธานี","ห้วยคต"
"040361 (C.30)","เขื่อนเจ้าพระยา","แม่น้ำเจ้าพระยา","ชัยนาท","สรรพยา"
"190620 (S.28)","เขื่อนป่าสักชลสิทธิ์","แม่น้ำป่าสัก","ลพบุรี","พัฒนานิคม"
"Kgt.18","บ้านท่ากลอย","คลองสียัด","ฉะเชิงเทรา","ท่าตะเกียบ"
"Kgt.44","บ้านแก่งไทร","คลองพระปรง","สระแก้ว","เมืองสระแก้ว"
"Kgt.45","บ้านตาเรืองล่าง","คลองพระสทึง","จันทบุรี","สอยดาว"
"Kgt.65","บ้านท่าพระจันทร","คลองพระปรง","สระแก้ว","วัฒนานคร"
"Kgt.66 ","บ้านแก่งดินสอ","คลองห้วยโสมง","ปราจีนบุรี","นาดี"
"Tl.4","บ้านคลองตาคง","คลองตาคง","จันทบุรี","โป่งน ้าร้อน"
"Tl.6","บ้านทุ่งกร่าง","คลองทุ่งกร่าง","จันทบุรี","โป่งน ้าร้อน"
"Z.46","บ้านนนทรีย์","คลองโสน","ตราด","บ่อไร่"
"Z.52","บ้านคลองยายไท","คลองพรานบุญ","จันทบุรี","แก่งหางแมว"
"Z.53","บ้านทุ่งตาอิน","แม่น้ำจันทบุรี","จันทบุรี","เขาคิชฌกูฏ"
"Z.55","บ้านวังจะอ้าย","แม่น้ำจันทบุรี","จันทบุรี","มะขาม"
"Z.56","บ้านตะบกเตี้ย","คลองทุ่งเพล","จันทบุรี","มะขาม"
"Kgt.33","บ้านหนองแหน","แควน้ำใส","ปราจีนบุรี","นาดี"
"Kgt.34 ","บ้านชะอม","แควหนุมาน","ปราจีนบุรี","นาดี"
"Kgt.38","บ้านภูเงิน","คลองพระเพลิงใหญ่","สระแก้ว","เขาฉกรรจ์"
"Kgt.40","บ้านวังเจริญ","คลองพระสทึงตอนบน","สระแก้ว","วังสมบูรณ์"
"Kgt.42","บ้านท่าระพา","คลองพระสทึง","สระแก้ว","เมืองสระแก้ว"
"Kgt.47","บ้านด่านชัยพัฒนา","คลองพระสทึง","สระแก้ว","วังน้ำเย็น"
"Kgt.51","บ้านประจันตคาม","คลองประจันตคาม","ปราจีนบุรี","ประจันตคาม"
"Ny.6","บ้านชะอม","คลองบ้านนา","สระบุรี","แก่งคอย"
"Tl.3","บ้านพังงอน","คลองพระพุทธ","จันทบุรี","โป่งน้ำร้อน"
"Z.30","บ้านหนองบัว","คลองสะตอ","ตราด","เขาสมิง"
"Z.45","บ้านหนองบอน","คลองคอแล","ตราด","บ่อไร"
"Z.47A","บ้านคลองขวาง","คลองจันทิ","ตราด","เมืองตราด"
"Z.59","บ้านบ่อไร่","คลองบ่อไร่","ตราด","บ่อไร"
"Z.65","บ้านวังอีแอ่น","คลองประแกต","จันทบุรี","แก่งหางแมว"
"090160 (สชป.9)","ต้าบลบางพระ","อ่างเก็บน้ำบางพระ","ชลบุรี","ศรีราชา"
"090171 (Kgt.19) ","บ้านเขานางนม","คลองหลวง","ชลบุรี","เกาะจันทร์"
"090381 เขาเขียว","บ้านเขาไม้แดง","น้ำตกชันตาเถร","ชลบุรี","ศรีราชา"
"440191 (Kgt.15A)","บ้านแก่งดินสอ","ห้วยโสมง","ปราจีนบุรี","นาดี"
"440401","บ้านแก่งดินสอ","อ่างฯนฤบดินทรจินดาฝั่งซ้าย","ปราจีนบุรี","นาดี"
"440411","บ้านแก่งดินสอ","อ่างฯนฤบดินทรจินดาฝั่งขวา","ปราจีนบุรี","นาดี"
"740081 (Kgt.12)","บ้านแก้ง","คลองพระปรง","สระแก้ว","เมืองสระแก้ว"
"740331","อบต.วังสมบูรณ์","-","สระแก้ว","วังสมบูรณ์"
"060191 (kgt.29)","บ้านปะตง","อบต.ปะตง","จันทบุรี","สอยดาว"
"660131","บ้านหมื่นด่าน","กองร้อยทหารพราน","ตราด","บ่อไร่"
"K.17","บ้านบ่อ","ลำภาชี","ราชบุรี","สวนผึ้ง"
"K.22C","บ้านแม่น้ำน้อย","ห้วยแม่น้ำน้อย","กาญจนบุรี","ไทรโยค"
"K.25A","บ้านคา","ห้วยท่าเคย","ราชบุรี","บ้านคา"
"K.30","บ้านแม่น้ำน้อย","ห้วยแม่น้ำเลาะ","กาญจนบุรี","ไทรโยค"
"K.38A","บ้านหนองบาง","ห้วยลิ่นถิ่น","กาญจนบุรี","ทองผาภูมิ"
"K.39","บ้านองธิ","ห้วยองธิ","กาญจนบุรี","ทองผาภูมิ"
"K.50A","บ้านสหกรณ์นิคม","ห้วยดินโส","กาญจนบุรี","ทองผาภูมิ"
"K.56","บ้านหม้อ","แม่น้ำแม่กลองแม่กลอง","ราชบุรี","โพธาราม"
"K.60","บ้านกุยมั่ง","ห้วยกุยมั่ง","กาญจนบุรี","ทองผาภูมิ"
"Gt.8","บ้านไร่คลอง","คลองว้าโทน","ประจวบคีรีขันธ์","เมืองประจวบคีรีขันธ์"
"Gt.15","บ้านสวนสนห้วยทราย","ห้วยทราย","ประจวบคีรีขันธ์","เมืองประจวบคีรีขันธ์"
"Gt.16","บ้านหินจวง","คลองหินจวง","ประจวบคีรีขันธ์","เมืองประจวบคีรีขันธ์"
"Gt.17","บ้านห้วยยาง","ห้วยยาง","ประจวบคีรีขันธ์","ทับสะแก"
"Gt.18","บ้านจะกะบน","คลองจะกะ","ประจวบคีรีขันธ์","ทับสะแก"
"Gt.19","บ้านอ่างทอง","คลองอ่างทอง","ประจวบคีรีขันธ์","ทับสะแก"
"T.10 ","บ้ำนวัดพระรูป","แม่น้ำท่าจีน","สุพรรณบุรี","เมือง"
"K.22A","บ้านแม่น้ำน้อย","ห้วยแม่น้ำน้อย","กาญจนบุรี","ไทรโยค"
"K.36","บ้านท่ามะนาว","แม่น้ำแควใหญ่","กาญจนบุรี","เมืองกาญจนบุรี"
"K.53","บ้านศรีมงคล","ห้วยแม่กระบาล","กาญจนบุรี","ไทรโยค"
"B.17","สะพานถนนเพชรเกษม","แม่น้ำเพชรบุรี","เพชรบุรี","เมืองเพชรบุรี"
"Gt.1 ","บ้านเขาแดง","คลองเขาแดง","ประจวบคีรีขันธ์","กุยบุรี"
"Gt.12A","บ้านห้วยสัก","คลองลำชู","ประจวบคีรีขันธ์","บางสะพานน้อย"
"Gt.20A","บ้านห้วยทรายขาว","คลองบางสะพาน","ประจวบคีรีขันธ์","บางสะพาน"
"Gt.22","รร.อนุบาลบางสะพาน","คลองบางสะพาน","ประจวบคีรีขันธ์","บางสะพาน"
"X.214","บ้านเขาหลวง","คลองละแม (ล่าง)","ชุมพร","ละแม"
"X.284","สะพานราเมศวร์","คลองท่าวัง (ท่าซัก)","นครศรีธรรมราช","เมืองนครศรีธรรมราช"
"X.286","ชุมชนหอไตร","คลองป่าเหล้า","นครศรีธรรมราช","เมืองนครศรีธรรมราช"
"X.287","ชุมชนเพชรจริก","คลองสวนหลวง","นครศรีธรรมราช","เมืองนครศรีธรรมราช"
"X.288","ชุมชนเพชรจริก","คลองคูพาย","นครศรีธรรมราช","เมืองนครศรีธรรมราช"
"X.109","บ้านควนอินนอโม","คลองบางแก้ว","พัทลุง","ตะโหมด"
"X.110","บ้านลำภูรา","คลองลำภูรา","ตรัง","เมืองตรัง"
"X.148","บ้านอุไดใต้","คลองลำโลน","สตูล","ควนกาหลง"
"X.205","บ้านละอุ่นใต้","คลองละอุ่น","ระนอง","ละอุ่น"
"X.291","บ้านช้างเชื่อ","คลองเหล","พังงา","กะปง"
"X.36","บ้านท่าขนอน","คลองพุมดวง","สุราษฎร์ธานี","คีรีรัฐนิคม"
"X.46","บ้านท่าข้าม","คลองรับร่อ","ชุมพร","ท่าแซะ"
"X.195","บ้านต้นโพธิ์","แม่น้ำตาปี","นครศรีธรรมราช","ฉวาง "
"X.285","สนามหน้าเมือง","คลองนครน้อย","นครศรีธรรมราช","เมืองนครศรีธรรมราช"
"X.289","วัดถลุงทอง","คลองเสาธง","นครศรีธรรมราช","ร่อนพิบูลย์"
"X.44  ","บ้านหาดใหญ่ใน","คลองอู่ตะเภา","สงขลา","หาดใหญ่"
"X.113","บ้านทุ่งปราบ","คลองหล้าปัง","สงขลา","สะเดา"
"X.129","บ้านคลองอีโต","คลองอีโต","พัทลุง","บางแก้ว"
"X.276","บ้านเขาปู่","คลองท่าแนะ (บน)","พัทลุง","ศรีบรรพต"
"X.277","บ้านพิกุลทอง","คลองท่าแนะ (ล่าง)","พัทลุง","ควนขนุน"
"X.40A","บ้านท่าสาป","แม่น้ำปัตตานี","ยะลา","เมืองยะลา"
"X.40B","ท้ายเขื่อนปัตตานี","แม่น้ำปัตตานี","ยะลา","เมืองยะลา"
"X.77","บ้านหัวสะพาน","แม่น้ำปัตตานี","ยะลา","บันนังสตา"
"X.119 ","บ้านมูโน๊ะ","แม่น้ำโก-ลก","นราธิวาส","สุไหงโก-ลก"
"X.272","บ้านลาคอ","แม่น้ำสายบุรี","ปัตตานี","สายบุรี"
"X.283","บ้านปรีกี","แม่น้ำปัตตานี","ปัตตานี","ยะรัง"
"X.208A","บ้านทุ่งใหญ่","คลองกะเปอร์","ระนอง","กะเปอร์"
"X.228","บ้านกลาง","แม่น้ำตรัง","ตรัง","เมืองตรัง"
"X.290A","บ้านเจ็ดท่อ","คลองโรงหัด","ระนอง","เมืองระนอง"
